2015.10.23 16:54:02;185.74;;;185.76;;;185.73;;;185.74;;;185.71718159;185.72041862;185.71986296
2015.10.23 16:54:02;185.73;;;185.75;;;185.71;;;185.74;;;185.72478773;185.72106063;185.72006333
2015.10.23 16:54:02;185.73;;;185.74;;;185.73;;;185.73;;;185.72652515;185.72135373;185.7201622
2015.10.23 16:54:02;185.72;;;185.74;;;185.72;;;185.73;;;185.72768344;185.72163721;185.72026009
2015.10.23 16:54:02;185.74;;;185.74;;;185.73;;;185.74;;;185.73178896;185.72223927;185.72045651
2015.10.23 16:54:02;185.73;;;185.74;;;185.73;;;185.74;;;185.73452597;185.72282159;185.72065097
2015.10.23 16:54:02;185.73;;;185.74;;;185.73;;;185.73;;;185.73301731;185.72305695;185.720744
2015.10.23 16:54:02;185.74;;;185.75;;;185.74;;;185.75;;;185.73867821;185.72394033;185.7210351
2015.10.23 16:54:02;185.74;;;185.76;;;185.74;;;185.74;;;185.73911881;185.72446687;185.72122381
2015.10.23 16:54:02;185.75;;;185.75;;;185.73;;;185.73;;;185.7360792;185.72464829;185.72131113
2015.10.23 16:54:02;185.74;;;185.74;;;185.72;;;185.72;;;185.73071947;185.72449588;185.72129808
2015.10.23 16:54:02;185.73;;;185.78;;;185.71;;;185.77;;;185.74381298;185.72598782;185.72178268
2015.10.23 16:54:02;185.78;;;185.79;;;185.75;;;185.75;;;185.74587532;185.72677511;185.72206345
2015.10.23 16:54:02;185.76;;;185.77;;;185.75;;;185.76;;;185.75058355;185.72786445;185.72244093
2015.10.23 16:54:02;185.77;;;185.79;;;185.76;;;185.79;;;185.76372236;185.72990168;185.72311316
2015.10.23 16:54:02;185.78;;;185.79;;;185.76;;;185.76;;;185.76248158;185.73088851;185.72348019
2015.10.23 16:54:02;185.75;;;185.77;;;185.75;;;185.77;;;185.76498772;185.73217085;185.72394307
2015.10.23 16:54:02;185.78;;;185.78;;;185.75;;;185.76;;;185.76332514;185.73308328;185.72430185
2015.10.23 16:54:02;185.75;;;185.76;;;185.75;;;185.75;;;185.75888343;185.73363793;185.72455755
2015.10.23 16:54:02;185.74;;;185.75;;;185.73;;;185.74;;;185.75258895;185.73384652;185.72471121
2015.10.23 16:54:02;185.73;;;185.74;;;185.73;;;185.74;;;185.74839264;185.73404828;185.72486334
2015.10.23 16:54:02;185.73;;;185.74;;;185.72;;;185.74;;;185.74559509;185.73424341;185.72501395
2015.10.23 16:54:02;185.75;;;185.75;;;185.74;;;185.75;;;185.74706339;185.73476002;185.72526257
2015.10.23 16:54:02;185.74;;;185.75;;;185.74;;;185.75;;;185.74804226;185.7352597;185.72550871
2015.10.23 16:54:02;185.76;;;185.76;;;185.75;;;185.75;;;185.74869484;185.73574298;185.72575241
2015.10.23 16:54:02;185.76;;;185.76;;;185.75;;;185.75;;;185.74912989;185.73621043;185.72599368
2015.10.23 16:54:02;185.76;;;185.76;;;185.75;;;185.75;;;185.74941993;185.73666254;185.72623254
2015.10.23 16:54:02;185.74;;;185.75;;;185.73;;;185.74;;;185.74627995;185.73677197;185.72636953
2015.10.23 16:54:02;185.75;;;185.75;;;185.75;;;185.75;;;185.74751997;185.73720567;185.72660466
2015.10.23 16:54:02;185.74;;;185.75;;;185.74;;;185.75;;;185.74834665;185.73762516;185.72683745
2015.10.23 16:54:02;185.76;;;185.77;;;185.75;;;185.77;;;185.75556443;185.73868663;185.72726693
2015.10.23 16:54:02;185.76;;;185.77;;;185.76;;;185.76;;;185.75704295;185.73938543;185.72759263
2015.10.23 16:54:02;185.77;;;185.77;;;185.76;;;185.77;;;185.76136197;185.74038919;185.7280146
2015.10.23 16:54:02;185.76;;;185.76;;;185.75;;;185.75;;;185.75757465;185.74070429;185.72823336
2015.10.23 16:54:02;185.74;;;185.74;;;185.73;;;185.73;;;185.7483831;185.74035333;185.72825094
2015.10.23 16:54:02;185.74;;;185.74;;;185.73;;;185.73;;;185.7422554;185.74001388;185.72826834
2015.10.23 16:54:02;185.74;;;185.74;;;185.72;;;185.73;;;185.73817027;185.73968556;185.72828557
2015.10.23 16:54:02;185.74;;;185.74;;;185.71;;;185.71;;;185.72878018;185.73871226;185.72810362
2015.10.23 16:54:02;185.72;;;185.74;;;185.72;;;185.72;;;185.72585345;185.73809874;185.72802299
2015.10.23 16:54:02;185.71;;;185.72;;;185.71;;;185.71;;;185.72056897;185.73717747;185.72784366
2015.10.23 16:54:02;185.72;;;185.72;;;185.71;;;185.71;;;185.71704598;185.73628641;185.72766611
2015.10.23 16:54:02;185.72;;;185.73;;;185.71;;;185.72;;;185.71803065;185.73575243;185.72758983
2015.10.23 16:54:02;185.71;;;185.72;;;185.71;;;185.72;;;185.7186871;185.73523595;185.72751431
2015.10.23 16:54:02;185.71;;;185.72;;;185.71;;;185.72;;;185.71912473;185.73473642;185.72743954
2015.10.23 16:54:02;185.71;;;185.72;;;185.71;;;185.72;;;185.71941649;185.73425325;185.72736551
2015.10.23 16:54:02;185.71;;;185.72;;;185.71;;;185.72;;;185.71961099;185.73378593;185.72729222
2015.10.23 16:54:02;185.71;;;185.72;;;185.7;;;185.72;;;185.71974066;185.73333394;185.72721967
2015.10.23 16:54:02;185.73;;;185.73;;;185.72;;;185.73;;;185.72316044;185.73322463;185.72724733
2015.10.23 16:54:02;185.72;;;185.73;;;185.72;;;185.72;;;185.72210696;185.73279103;185.72717522
2015.10.23 16:54:02;185.73;;;185.75;;;185.73;;;185.75;;;185.73140464;185.73335526;185.72740233
2015.10.23 16:54:02;185.76;;;185.76;;;185.76;;;185.76;;;185.74093643;185.73422886;185.72772668
2015.10.23 16:54:02;185.75;;;185.76;;;185.75;;;185.75;;;185.74395762;185.73474595;185.72794831
2015.10.23 16:54:02;185.74;;;185.75;;;185.74;;;185.74;;;185.74263841;185.73491821;185.72806823
2015.10.23 16:54:02;185.73;;;185.74;;;185.73;;;185.74;;;185.74175894;185.73508483;185.72818695
2015.10.23 16:54:02;185.73;;;185.74;;;185.72;;;185.72;;;185.73450596;185.73459024;185.72810549
2015.10.23 16:54:02;185.73;;;185.74;;;185.73;;;185.74;;;185.73633731;185.73476761;185.72822384
2015.10.23 16:54:02;185.73;;;185.77;;;185.73;;;185.77;;;185.7475582;185.73592277;185.72863953
2015.10.23 16:54:02;185.76;;;185.77;;;185.75;;;185.76;;;185.75170547;185.73671219;185.72895157
2015.10.23 16:54:02;185.75;;;185.76;;;185.71;;;185.72;;;185.74113698;185.73616425;185.7288625
2015.10.23 16:54:02;185.73;;;185.75;;;185.71;;;185.73;;;185.73742465;185.73596214;185.72887382
2015.10.23 16:54:02;185.72;;;185.72;;;185.7;;;185.71;;;185.7282831;185.73511092;185.72868602
2015.10.23 16:54:02;185.72;;;185.74;;;185.72;;;185.73;;;185.7288554;185.73494335;185.72869909
2015.10.23 16:54:02;185.74;;;185.74;;;185.72;;;185.72;;;185.7259036;185.73445341;185.72861254
2015.10.23 16:54:02;185.71;;;185.74;;;185.71;;;185.74;;;185.7306024;185.73463526;185.72872584
2015.10.23 16:54:02;185.75;;;185.76;;;185.74;;;185.75;;;185.73706827;185.73513902;185.72893753
2015.10.23 16:54:02;185.76;;;185.76;;;185.75;;;185.76;;;185.74471218;185.73595414;185.72924661
2015.10.23 16:54:02;185.75;;;185.75;;;185.71;;;185.74;;;185.74314145;185.73608679;185.7293536
2015.10.23 16:54:02;185.73;;;185.73;;;185.72;;;185.72;;;185.73542763;185.73555935;185.72926053
2015.10.23 16:54:02;185.71;;;185.72;;;185.7;;;185.72;;;185.73028509;185.73504921;185.72916839
2015.10.23 16:54:02;185.71;;;185.72;;;185.71;;;185.71;;;185.72352339;185.73422792;185.72897766
2015.10.23 16:54:02;185.72;;;185.72;;;185.71;;;185.72;;;185.72234893;185.73376144;185.72888833
2015.10.23 16:54:02;185.73;;;185.73;;;185.72;;;185.72;;;185.72156595;185.73331024;185.72879989
2015.10.23 16:54:02;185.73;;;185.76;;;185.72;;;185.75;;;185.73104397;185.73385745;185.72901083
2015.10.23 16:54:02;185.76;;;185.77;;;185.75;;;185.76;;;185.74069598;185.73471458;185.72931918
2015.10.23 16:54:02;185.77;;;185.77;;;185.76;;;185.76;;;185.74713065;185.73554361;185.72962447
2015.10.23 16:54:02;185.75;;;185.78;;;185.75;;;185.78;;;185.7580871;185.7370012;185.73012572
2015.10.23 16:54:02;185.79;;;185.79;;;185.78;;;185.79;;;185.76872473;185.73873886;185.73072148
2015.10.23 16:54:02;185.78;;;185.8;;;185.78;;;185.8;;;185.77914982;185.74074742;185.73141082
2015.10.23 16:54:02;185.79;;;185.81;;;185.79;;;185.8;;;185.78609988;185.74269013;185.7320933
2015.10.23 16:54:02;185.79;;;185.8;;;185.79;;;185.79;;;185.78739992;185.74424127;185.73266948
2015.10.23 16:54:02;185.8;;;185.8;;;185.78;;;185.78;;;185.78493328;185.74541369;185.73314043
2015.10.23 16:54:02;185.79;;;185.8;;;185.77;;;185.8;;;185.78995552;185.74720341;185.7338057
2015.10.23 16:54:02;185.79;;;185.79;;;185.76;;;185.76;;;185.77997035;185.74762297;185.73406634
2015.10.23 16:54:02;185.77;;;185.81;;;185.77;;;185.8;;;185.7866469;185.74934025;185.7347224
2015.10.23 16:54:02;185.81;;;185.83;;;185.81;;;185.82;;;185.7977646;185.75165696;185.73557093
2015.10.23 16:54:02;185.81;;;185.84;;;185.8;;;185.83;;;185.80850973;185.75422558;185.73651053
2015.10.23 16:54:02;185.82;;;185.84;;;185.81;;;185.83;;;185.81567315;185.75670999;185.73744077
2015.10.23 16:54:02;185.84;;;185.84;;;185.82;;;185.83;;;185.82044877;185.75911294;185.73836176
2015.10.23 16:54:02;185.82;;;185.84;;;185.82;;;185.84;;;185.82696585;185.76176498;185.73937308
2015.10.23 16:54:02;185.83;;;185.85;;;185.83;;;185.84;;;185.83131056;185.76433006;185.74037434
2015.10.23 16:54:02;185.85;;;185.87;;;185.85;;;185.87;;;185.84420704;185.76779465;185.74166415
2015.10.23 16:54:02;185.88;;;185.91;;;185.88;;;185.9;;;185.8628047;185.77212925;185.74323963
2015.10.23 16:54:02;185.89;;;185.89;;;185.86;;;185.86;;;185.8618698;185.77501026;185.74440143
2015.10.23 16:54:02;185.85;;;185.85;;;185.83;;;185.84;;;185.85457986;185.77714107;185.74535266
2015.10.23 16:54:02;185.85;;;185.86;;;185.85;;;185.86;;;185.85638658;185.77985776;185.74649343
2015.10.23 16:54:02;185.85;;;185.85;;;185.84;;;185.84;;;185.85092438;185.78182963;185.74742384
2015.10.23 16:54:02;185.85;;;185.86;;;185.82;;;185.84;;;185.84728292;185.78373686;185.748345
2015.10.23 16:54:02;185.83;;;185.86;;;185.81;;;185.86;;;185.85152195;185.78623729;185.74945599
2015.10.23 16:54:02;185.85;;;185.86;;;185.85;;;185.86;;;185.85434797;185.78865574;185.75055593
2015.10.23 16:54:02;185.87;;;185.89;;;185.87;;;185.88;;;185.86289864;185.79165063;185.75184393
2015.10.23 16:54:02;185.89;;;185.92;;;185.89;;;185.92;;;185.88193243;185.79585881;185.75351713
2015.10.23 16:54:02;185.93;;;185.95;;;185.93;;;185.95;;;185.90462162;185.80091262;185.75547218
2015.10.23 16:54:02;185.94;;;185.98;;;185.94;;;185.97;;;185.92641441;185.80645647;185.75760679
2015.10.23 16:54:02;185.96;;;186.02;;;185.96;;;186;;;185.95094294;185.81280216;185.76001866
2015.10.23 16:54:02;186.01;;;186.01;;;185.98;;;185.98;;;185.96062863;185.81828405;185.76220753
2015.10.23 16:54:02;185.99;;;185.99;;;185.98;;;185.98;;;185.96708575;185.82358621;185.76437462
2015.10.23 16:54:02;185.99;;;185.99;;;185.98;;;185.99;;;185.97472383;185.8290424;185.76661965
2015.10.23 16:54:02;186;;;186.03;;;186;;;186.02;;;185.98981589;185.83530331;185.76914084
2015.10.23 16:54:02;186.01;;;186.02;;;186;;;186;;;185.99321059;185.8407032;185.77143795
2015.10.23 16:54:02;185.99;;;185.99;;;185.94;;;185.95;;;185.97880706;185.8442867;185.77321469
2015.10.23 16:54:02;185.94;;;185.94;;;185.89;;;185.9;;;185.95253804;185.84611337;185.77447623
2015.10.23 16:54:02;185.89;;;185.89;;;185.85;;;185.87;;;185.92502536;185.84689654;185.77542672
2015.10.23 16:54:02;185.88;;;185.91;;;185.88;;;185.91;;;185.92001691;185.8489655;185.77676575
2015.10.23 16:54:02;185.9;;;185.91;;;185.9;;;185.91;;;185.91667794;185.85096663;185.77809147
2015.10.23 16:54:02;185.9;;;185.94;;;185.9;;;185.94;;;185.92445196;185.85388576;185.7797025
2015.10.23 16:54:02;185.95;;;185.98;;;185.94;;;185.94;;;185.92963464;185.85670918;185.7812975
2015.10.23 16:54:02;185.93;;;185.93;;;185.87;;;185.9;;;185.91975643;185.85812855;185.78247862
2015.10.23 16:54:02;185.91;;;185.95;;;185.9;;;185.93;;;185.92317095;185.86048499;185.78394649
2015.10.23 16:54:02;185.92;;;185.93;;;185.9;;;185.92;;;185.92211397;185.8624363;185.78530026
2015.10.23 16:54:02;185.93;;;185.97;;;185.92;;;185.97;;;185.93807598;185.86596298;185.78713807
2015.10.23 16:54:02;185.98;;;185.99;;;185.96;;;185.98;;;185.95205065;185.8697019;185.78905709
2015.10.23 16:54:02;185.99;;;186.09;;;185.98;;;186.07;;;185.9913671;185.87626905;185.79185254
2015.10.23 16:54:02;186.06;;;186.08;;;186.05;;;186.06;;;186.01424473;185.88229302;185.79452068
2015.10.23 16:54:02;186.07;;;186.08;;;186.05;;;186.05;;;186.02616316;185.8877916;185.79706276
2015.10.23 16:54:02;186.04;;;186.08;;;186.04;;;186.07;;;186.04077544;185.89376565;185.79977855
2015.10.23 16:54:02;186.06;;;186.07;;;186.01;;;186.02;;;186.03385029;185.89790448;185.80196981
2015.10.23 16:54:02;186.03;;;186.03;;;185.99;;;185.99;;;186.01923353;185.90092401;185.80384076
2015.10.23 16:54:02;186;;;186.02;;;185.99;;;186.02;;;186.01948902;185.90482814;185.8059916
2015.10.23 16:54:02;186.01;;;186.04;;;186.01;;;186.03;;;186.02299268;185.90893213;185.80822054
2015.10.23 16:54:02;186.04;;;186.11;;;186.04;;;186.07;;;186.03866179;185.91421305;185.81082531
2015.10.23 16:54:02;186.06;;;186.1;;;186.05;;;186.1;;;186.05910786;185.92030442;185.81370267
2015.10.23 16:54:02;186.11;;;186.11;;;186.07;;;186.07;;;186.06273857;185.92521247;185.81625289
2015.10.23 16:54:02;186.06;;;186.06;;;186.02;;;186.02;;;186.04849238;185.92832026;185.81828022
2015.10.23 16:54:02;186.03;;;186.03;;;186.01;;;186.02;;;186.03899492;185.93132615;185.82028739
2015.10.23 16:54:02;186.03;;;186.03;;;186.01;;;186.03;;;186.03599661;185.93456136;185.82237408
2015.10.23 16:54:02;186.04;;;186.05;;;186.02;;;186.03;;;186.03399774;185.9376905;185.82444001
2015.10.23 16:54:02;186.02;;;186.02;;;185.98;;;185.98;;;186.0159985;185.9390777;185.82598787
2015.10.23 16:54:02;185.99;;;186.02;;;185.99;;;186;;;186.01066566;185.94107515;185.82771933
2015.10.23 16:54:02;186.01;;;186.01;;;186;;;186;;;186.00711044;185.94300711;185.82943357
2015.10.23 16:54:02;186.01;;;186.04;;;185.99;;;186.03;;;186.01474029;185.94585934;185.83142925
2015.10.23 16:54:02;186.04;;;186.07;;;186.03;;;186.05;;;186.02649353;185.94927378;185.83360409
2015.10.23 16:54:02;186.06;;;186.06;;;186.02;;;186.04;;;186.03099569;185.95224841;185.83565778
2015.10.23 16:54:02;186.03;;;186.04;;;186.03;;;186.04;;;186.03399712;185.95512552;185.83769103
2015.10.23 16:54:02;186.03;;;186.05;;;186.02;;;186.03;;;186.03266475;185.95758042;185.83960456
2015.10.23 16:54:02;186.04;;;186.04;;;186;;;186.01;;;186.02510983;185.95929909;185.84130003
2015.10.23 16:54:02;186;;;186.01;;;185.97;;;185.97;;;186.00673989;185.95964994;185.84258063
2015.10.23 16:54:02;185.98;;;186;;;185.97;;;185.99;;;186.00115993;185.96064502;185.84404749
2015.10.23 16:54:02;186;;;186;;;185.98;;;185.98;;;185.99410662;185.96127961;185.84540025
2015.10.23 16:54:02;185.97;;;185.99;;;185.97;;;185.99;;;185.99273774;185.96222127;185.84683905
2015.10.23 16:54:02;186;;;186;;;185.98;;;185.98;;;185.98849183;185.96280418;185.84816404
2015.10.23 16:54:02;185.97;;;185.98;;;185.96;;;185.97;;;185.98232789;185.9630401;185.84937634
2015.10.23 16:54:02;185.96;;;185.97;;;185.95;;;185.95;;;185.97155192;185.96261256;185.85037757
2015.10.23 16:54:02;185.96;;;186;;;185.95;;;185.99;;;185.97770128;185.96351051;185.85176684
2015.10.23 16:54:02;185.98;;;186.02;;;185.98;;;186.01;;;185.98846752;185.96503475;185.8533413
2015.10.23 16:54:02;186;;;186.03;;;186;;;186.03;;;186.00231168;185.96716476;185.8550991
2015.10.23 16:54:02;186.02;;;186.03;;;186;;;186;;;186.00154112;185.96824133;185.8565409
2015.10.23 16:54:02;186.01;;;186.04;;;186.01;;;186.01;;;186.00436075;185.96961046;185.85806786
2015.10.23 16:54:02;186;;;186.03;;;185.99;;;186.02;;;186.00957383;185.97126258;185.85967912
2015.10.23 16:54:02;186.03;;;186.03;;;186.01;;;186.01;;;186.00971589;185.97253266;185.86117485
2015.10.23 16:54:02;186.02;;;186.02;;;186;;;186.02;;;186.01314393;185.97408897;185.8627552
2015.10.23 16:54:02;186.01;;;186.02;;;186.01;;;186.02;;;186.01542928;185.97559425;185.86431983
2015.10.23 16:54:02;186.03;;;186.04;;;186.01;;;186.03;;;186.02028619;185.97737804;185.86596839
2015.10.23 16:54:02;186.02;;;186.04;;;186.02;;;186.03;;;186.02352413;185.97910335;185.86760054
2015.10.23 16:54:02;186.02;;;186.04;;;186.02;;;186.04;;;186.02901608;185.98109996;185.86931596
2015.10.23 16:54:02;186.05;;;186.05;;;186.05;;;186.05;;;186.03601072;185.98335898;185.87111381
2015.10.23 16:54:02;186.04;;;186.04;;;186.01;;;186.01;;;186.02734048;185.98423246;185.87249576
2015.10.23 16:54:02;186.02;;;186.04;;;186.01;;;186.02;;;186.02489365;185.98540516;185.87396347
2015.10.23 16:54:02;186.03;;;186.06;;;186.03;;;186.06;;;186.03659577;185.98785089;185.87581458
2015.10.23 16:54:02;186.05;;;186.09;;;186.05;;;186.09;;;186.05439718;185.99120005;185.87794578
2015.10.23 16:54:02;186.1;;;186.13;;;186.09;;;186.13;;;186.07959812;185.99575086;185.88045378
2015.10.23 16:54:02;186.14;;;186.15;;;186.1;;;186.1;;;186.08639875;185.99916887;185.88263832
2015.10.23 16:54:02;186.09;;;186.12;;;186.08;;;186.12;;;186.09759916;186.00313054;185.88500012
2015.10.23 16:54:02;186.11;;;186.12;;;186.09;;;186.09;;;186.09506611;186.00597872;185.88703992
2015.10.23 16:54:02;186.1;;;186.1;;;186.04;;;186.05;;;186.08004407;186.00742204;185.88866142
2015.10.23 16:54:02;186.04;;;186.05;;;186.01;;;186.04;;;186.06669605;186.00849017;185.89016727
2015.10.23 16:54:02;186.03;;;186.04;;;186.03;;;186.04;;;186.05779737;186.00952328;185.89165815
2015.10.23 16:54:02;186.03;;;186.04;;;186.02;;;186.03;;;186.04853158;186.01019465;185.89303468
2015.10.23 16:54:02;186.02;;;186.02;;;186.01;;;186.01;;;186.03568772;186.01018827;185.89419852
2015.10.23 16:54:02;186;;;186.02;;;185.97;;;186.02;;;186.03045848;186.01050996;185.89545027
2015.10.23 16:54:02;186.03;;;186.04;;;186.01;;;186.03;;;186.03030565;186.01114898;185.89678908
2015.10.23 16:54:02;186.04;;;186.04;;;186.03;;;186.04;;;186.0335371;186.01209492;185.89821406
2015.10.23 16:54:02;186.03;;;186.03;;;185.99;;;186;;;186.02235807;186.01169836;185.89922686
2015.10.23 16:54:02;186.01;;;186.04;;;186.01;;;186.02;;;186.02157205;186.01197055;185.90042858
2015.10.23 16:54:02;186.01;;;186.03;;;185.96;;;185.96;;;186.00104803;186.0102666;185.90102133
2015.10.23 16:54:02;185.95;;;185.96;;;185.94;;;185.95;;;185.98403202;186.00829064;185.90150868
2015.10.23 16:54:02;185.94;;;185.95;;;185.91;;;185.93;;;185.96602135;186.00572374;185.90179217
2015.10.23 16:54:02;185.94;;;185.95;;;185.9;;;185.91;;;185.94734756;186.00258525;185.90187384
2015.10.23 16:54:02;185.92;;;185.93;;;185.88;;;185.89;;;185.92823171;185.99889393;185.9017557
2015.10.23 16:54:02;185.88;;;185.93;;;185.87;;;185.93;;;185.92882114;185.99663511;185.90203673
2015.10.23 16:54:02;185.94;;;185.94;;;185.92;;;185.92;;;185.92588076;185.99412249;185.90221547
2015.10.23 16:54:02;185.93;;;185.96;;;185.92;;;185.95;;;185.93392051;185.99267585;185.90269094
2015.10.23 16:54:02;185.96;;;185.98;;;185.93;;;185.97;;;185.945947;185.99193238;185.90336068
2015.10.23 16:54:02;185.96;;;186;;;185.96;;;185.99;;;185.96063134;185.99186902;185.90422277
2015.10.23 16:54:02;186;;;186;;;185.98;;;185.98;;;185.96708756;185.99147987;185.90497677
2015.10.23 16:54:02;185.97;;;185.97;;;185.88;;;185.91;;;185.94805837;185.9888084;185.90502675
2015.10.23 16:54:02;185.92;;;185.92;;;185.88;;;185.92;;;185.93870558;185.98655239;185.90517574
2015.10.23 16:54:02;185.93;;;185.95;;;185.92;;;185.94;;;185.93913705;185.98502608;185.90552225
2015.10.23 16:54:02;185.95;;;185.96;;;185.93;;;185.94;;;185.9394247;185.98354982;185.90586531
2015.10.23 16:54:02;185.93;;;185.95;;;185.9;;;185.94;;;185.93961647;185.98212195;185.90620496
2015.10.23 16:54:02;185.95;;;185.96;;;185.89;;;185.89;;;185.92307765;185.97910156;185.90604372
2015.10.23 16:54:02;185.9;;;185.95;;;185.89;;;185.95;;;185.93205176;185.97814741;185.90648109
2015.10.23 16:54:02;185.94;;;185.95;;;185.9;;;185.9;;;185.92136784;185.9755852;185.9064166
2015.10.23 16:54:02;185.91;;;185.91;;;185.89;;;185.9;;;185.91424523;185.973107;185.90635276
2015.10.23 16:54:02;185.91;;;185.93;;;185.9;;;185.91;;;185.91283015;185.97103792;185.90638905
2015.10.23 16:54:02;185.92;;;185.94;;;185.92;;;185.92;;;185.9152201;185.96936454;185.90652448
2015.10.23 16:54:02;185.91;;;185.96;;;185.91;;;185.95;;;185.9268134;185.96872964;185.90695707
2015.10.23 16:54:02;185.94;;;185.94;;;185.91;;;185.91;;;185.92120893;185.96680408;185.90698735
2015.10.23 16:54:02;185.92;;;185.92;;;185.84;;;185.86;;;185.90080596;185.9633023;185.90651981
2015.10.23 16:54:02;185.85;;;185.9;;;185.85;;;185.88;;;185.89387064;185.96057108;185.90625594
2015.10.23 16:54:02;185.89;;;185.95;;;185.89;;;185.94;;;185.90924709;185.95989662;185.9065917
2015.10.23 16:54:02;185.93;;;185.95;;;185.91;;;185.94;;;185.91949806;185.95924427;185.90692412
2015.10.23 16:54:02;185.95;;;185.95;;;185.92;;;185.93;;;185.92299871;185.95828544;185.90715373
2015.10.23 16:54:02;185.94;;;185.95;;;185.92;;;185.93;;;185.92533247;185.95735805;185.90738106
2015.10.23 16:54:02;185.94;;;185.96;;;185.94;;;185.96;;;185.93688831;185.95744467;185.90790463
2015.10.23 16:54:02;185.95;;;185.95;;;185.92;;;185.93;;;185.93459221;185.95654485;185.90812448
2015.10.23 16:54:02;185.92;;;185.92;;;185.91;;;185.92;;;185.92972814;185.95534666;185.90824265
2015.10.23 16:54:02;185.91;;;185.93;;;185.89;;;185.93;;;185.92981876;185.95451562;185.90845914
2015.10.23 16:54:02;185.92;;;185.92;;;185.87;;;185.87;;;185.90987917;185.95174461;185.90807646
2015.10.23 16:54:02;185.86;;;185.87;;;185.84;;;185.86;;;185.89325278;185.94873659;185.90759809
2015.10.23 16:54:02;185.87;;;185.88;;;185.84;;;185.87;;;185.88550185;185.94615507;185.90722398
2015.10.23 16:54:02;185.86;;;185.9;;;185.85;;;185.89;;;185.88700124;185.94431392;185.90705259
2015.10.23 16:54:02;185.88;;;185.91;;;185.88;;;185.9;;;185.89133416;185.942861;185.90698242
2015.10.23 16:54:02;185.89;;;185.9;;;185.88;;;185.89;;;185.89088944;185.94112785;185.90681344
2015.10.23 16:54:02;185.9;;;185.92;;;185.89;;;185.91;;;185.89725963;185.94010727;185.90684515
2015.10.23 16:54:02;185.92;;;185.92;;;185.91;;;185.91;;;185.90150642;185.93912014;185.90687654
2015.10.23 16:54:02;185.92;;;185.95;;;185.91;;;185.91;;;185.90433761;185.93816539;185.90690762
2015.10.23 16:54:02;185.92;;;185.92;;;185.91;;;185.91;;;185.90622507;185.93724193;185.90693839
2015.10.23 16:54:02;185.9;;;185.91;;;185.88;;;185.9;;;185.90415005;185.93602088;185.90686935
2015.10.23 16:54:02;185.91;;;185.94;;;185.9;;;185.91;;;185.90610003;185.93516774;185.9069005
2015.10.23 16:54:02;185.92;;;185.92;;;185.9;;;185.91;;;185.90740002;185.93434257;185.90693134
2015.10.23 16:54:02;185.9;;;185.91;;;185.88;;;185.9;;;185.90493335;185.93321658;185.90686237
2015.10.23 16:54:02;185.91;;;185.92;;;185.89;;;185.89;;;185.89995557;185.93179964;185.90669459
2015.10.23 16:54:02;185.9;;;185.92;;;185.89;;;185.91;;;185.90330371;185.9310849;185.90672748
2015.10.23 16:54:02;185.92;;;185.93;;;185.9;;;185.9;;;185.90220247;185.93006573;185.90666054
2015.10.23 16:54:02;185.91;;;185.92;;;185.9;;;185.91;;;185.90480165;185.92940783;185.90669376
2015.10.23 16:54:02;185.92;;;185.93;;;185.9;;;185.92;;;185.90986777;185.92909938;185.90682616
2015.10.23 16:54:02;185.93;;;185.98;;;185.93;;;185.97;;;185.92991184;185.93044038;185.90745476
2015.10.23 16:54:02;185.98;;;185.99;;;185.96;;;185.97;;;185.94327456;185.93173742;185.9080771
2015.10.23 16:54:02;185.96;;;185.99;;;185.96;;;185.98;;;185.95551638;185.9333198;185.90879275
2015.10.23 16:54:02;185.99;;;185.99;;;185.95;;;185.95;;;185.95367758;185.93386669;185.90920277
2015.10.23 16:54:02;185.96;;;185.97;;;185.95;;;185.96;;;185.95578506;185.93472352;185.90970822
2015.10.23 16:54:02;185.95;;;185.96;;;185.93;;;185.93;;;185.94719004;185.93456865;185.90991013
2015.10.23 16:54:02;185.92;;;185.95;;;185.92;;;185.94;;;185.94479336;185.93474673;185.91020953
2015.10.23 16:54:02;185.95;;;185.99;;;185.95;;;185.97;;;185.95319557;185.93590257;185.91080446
2015.10.23 16:54:02;185.96;;;185.97;;;185.94;;;185.95;;;185.95213038;185.93636478;185.91119446
2015.10.23 16:54:02;185.96;;;185.97;;;185.95;;;185.96;;;185.95475359;185.93713971;185.91168009
2015.10.23 16:54:02;185.97;;;185.97;;;185.95;;;185.95;;;185.95316906;185.93756136;185.91206138
2015.10.23 16:54:02;185.96;;;185.96;;;185.94;;;185.95;;;185.95211271;185.93796918;185.91243888
2015.10.23 16:54:02;185.96;;;185.96;;;185.94;;;185.95;;;185.95140847;185.93836364;185.91281263
2015.10.23 16:54:02;185.96;;;185.96;;;185.95;;;185.95;;;185.95093898;185.93874516;185.91318265
2015.10.23 16:54:02;185.96;;;185.97;;;185.95;;;185.96;;;185.95395932;185.93944204;185.91364849
2015.10.23 16:54:02;185.97;;;185.98;;;185.96;;;185.97;;;185.95930621;185.94044394;185.9142092
2015.10.23 16:54:02;185.98;;;185.98;;;185.97;;;185.98;;;185.96620414;185.94174086;185.91486384
2015.10.23 16:54:02;185.97;;;185.97;;;185.94;;;185.94;;;185.95746943;185.94168378;185.91511395
2015.10.23 16:54:02;185.95;;;185.95;;;185.94;;;185.94;;;185.95164629;185.94162857;185.91536157
2015.10.23 16:54:02;185.93;;;185.94;;;185.9;;;185.9;;;185.93443086;185.9402637;185.91520872
2015.10.23 16:54:02;185.89;;;185.92;;;185.89;;;185.91;;;185.92628724;185.93927145;185.91515689
2015.10.23 16:54:02;185.9;;;185.91;;;185.9;;;185.9;;;185.91752483;185.93798386;185.91500608
2015.10.23 16:54:02;185.91;;;185.92;;;185.89;;;185.91;;;185.91501655;185.93706636;185.91495627
2015.10.23 16:54:02;185.92;;;185.94;;;185.91;;;185.92;;;185.9166777;185.9365068;185.91500645
2015.10.23 16:54:02;185.91;;;185.91;;;185.84;;;185.86;;;185.89778513;185.93399838;185.91445913
2015.10.23 16:54:02;185.87;;;185.87;;;185.85;;;185.86;;;185.88519009;185.93157221;185.91391724
2015.10.23 16:54:02;185.87;;;185.91;;;185.86;;;185.91;;;185.89346006;185.93086492;185.91387827
2015.10.23 16:54:02;185.9;;;185.92;;;185.9;;;185.92;;;185.90230671;185.9305087;185.91393918
2015.10.23 16:54:02;185.91;;;185.92;;;185.89;;;185.89;;;185.89820447;185.92918054;185.91370098
2015.10.23 16:54:02;185.9;;;185.92;;;185.9;;;185.92;;;185.90546965;185.92887954;185.91376365
2015.10.23 16:54:02;185.91;;;185.92;;;185.9;;;185.92;;;185.9103131;185.92858841;185.91382571
2015.10.23 16:54:02;185.91;;;185.91;;;185.9;;;185.91;;;185.91020873;185.92797895;185.91378764
2015.10.23 16:54:02;185.9;;;185.91;;;185.9;;;185.9;;;185.90680582;185.92706161;185.91365045
2015.10.23 16:54:02;185.89;;;185.9;;;185.87;;;185.88;;;185.89787055;185.92551861;185.91331562
2015.10.23 16:54:02;185.89;;;185.89;;;185.88;;;185.88;;;185.8919137;185.92402619;185.91298412
2015.10.23 16:54:02;185.87;;;185.88;;;185.87;;;185.88;;;185.88794247;185.92258271;185.91265592
2015.10.23 16:54:02;185.87;;;185.87;;;185.87;;;185.87;;;185.88196164;185.92085869;185.91223148
2015.10.23 16:54:02;185.86;;;185.88;;;185.86;;;185.87;;;185.87797443;185.91919119;185.91181127
2015.10.23 16:54:02;185.86;;;185.87;;;185.84;;;185.86;;;185.87198295;185.91725049;185.91129574
2015.10.23 16:54:02;185.87;;;185.87;;;185.86;;;185.86;;;185.86798864;185.91537343;185.91078533
2015.10.23 16:54:02;185.87;;;185.87;;;185.85;;;185.85;;;185.86199242;185.91323004;185.9101805
2015.10.23 16:54:02;185.86;;;185.89;;;185.86;;;185.89;;;185.87132828;185.9124684;185.9099797
2015.10.23 16:54:02;185.88;;;185.9;;;185.87;;;185.89;;;185.87755219;185.91173173;185.9097809
2015.10.23 16:54:02;185.9;;;185.91;;;185.89;;;185.91;;;185.88836813;185.91167495;185.90978308
2015.10.23 16:54:02;185.9;;;185.93;;;185.9;;;185.93;;;185.90224542;185.91227577;185.90998424
2015.10.23 16:54:02;185.92;;;185.94;;;185.9;;;185.91;;;185.90483028;185.91220116;185.9099844
2015.10.23 16:54:02;185.9;;;185.92;;;185.9;;;185.9;;;185.90322019;185.91180112;185.90988505
2015.10.23 16:54:02;185.89;;;185.91;;;185.89;;;185.89;;;185.89881346;185.91108633;185.90968719
2015.10.23 16:54:02;185.88;;;185.93;;;185.88;;;185.93;;;185.90920897;185.91170645;185.90988931
2015.10.23 16:54:02;185.94;;;185.95;;;185.92;;;185.93;;;185.91613931;185.91230624;185.91008941
2015.10.23 16:54:02;185.94;;;185.95;;;185.94;;;185.95;;;185.92742621;185.9135421;185.91048653
2015.10.23 16:54:02;185.96;;;185.98;;;185.96;;;185.97;;;185.94161747;185.91539318;185.91107871
2015.10.23 16:54:02;185.96;;;185.99;;;185.95;;;185.99;;;185.95774498;185.9178393;185.91186399
2015.10.23 16:54:02;186;;;186.02;;;185.99;;;185.99;;;185.96849665;185.92020523;185.91264147
2015.10.23 16:54:02;186;;;186;;;185.98;;;185.99;;;185.97566444;185.92249358;185.9134112
2015.10.23 16:54:02;186;;;186;;;185.97;;;185.97;;;185.97377629;185.92405117;185.91397428
2015.10.23 16:54:02;185.96;;;185.97;;;185.94;;;185.96;;;185.96918419;185.92522982;185.91443224
2015.10.23 16:54:02;185.97;;;185.97;;;185.93;;;185.93;;;185.9561228;185.92538622;185.91458715
2015.10.23 16:54:02;185.94;;;185.94;;;185.9;;;185.9;;;185.9374152;185.92455388;185.914442
2015.10.23 16:54:02;185.89;;;185.9;;;185.89;;;185.9;;;185.92494346;185.92374884;185.9142983
2015.10.23 16:54:02;185.89;;;185.89;;;185.87;;;185.87;;;185.90662898;185.92198658;185.91385752
2015.10.23 16:54:02;185.88;;;185.88;;;185.86;;;185.88;;;185.89775265;185.92060997;185.91352063
2015.10.23 16:54:02;185.89;;;185.92;;;185.88;;;185.91;;;185.9018351;185.9202621;185.9134856
2015.10.23 16:54:02;185.92;;;185.94;;;185.91;;;185.94;;;185.91455673;185.92090925;185.91374942
2015.10.23 16:54:02;185.93;;;185.93;;;185.91;;;185.92;;;185.91637116;185.92087944;185.91381162
2015.10.23 16:54:02;185.93;;;185.95;;;185.92;;;185.93;;;185.9209141;185.92117847;185.9139727
2015.10.23 16:54:02;185.92;;;185.94;;;185.92;;;185.92;;;185.9206094;185.92113983;185.91403267
2015.10.23 16:54:02;185.91;;;185.92;;;185.9;;;185.91;;;185.91707294;185.92077459;185.91399254
2015.10.23 16:54:02;185.92;;;185.92;;;185.88;;;185.89;;;185.90804862;185.91976559;185.91375381
2015.10.23 16:54:02;185.88;;;185.91;;;185.88;;;185.91;;;185.90869908;185.91944541;185.91371646
2015.10.23 16:54:02;185.9;;;185.92;;;185.9;;;185.9;;;185.90579939;185.91880785;185.91357998
2015.10.23 16:54:02;185.91;;;185.95;;;185.9;;;185.95;;;185.92053293;185.91983054;185.91394237
2015.10.23 16:54:02;185.96;;;185.96;;;185.93;;;185.93;;;185.92368862;185.92016397;185.91410214
2015.10.23 16:54:02;185.94;;;185.95;;;185.94;;;185.95;;;185.93245908;185.9211422;185.91445934
2015.10.23 16:54:02;185.94;;;185.94;;;185.91;;;185.92;;;185.92830605;185.92110475;185.91451447
2015.10.23 16:54:02;185.91;;;185.91;;;185.9;;;185.91;;;185.92220403;185.92074066;185.91446955
2015.10.23 16:54:02;185.9;;;185.91;;;185.89;;;185.9;;;185.91480269;185.92006064;185.91432557
2015.10.23 16:54:02;185.91;;;185.93;;;185.91;;;185.93;;;185.91986846;185.92038652;185.91448154
2015.10.23 16:54:02;185.92;;;185.93;;;185.92;;;185.92;;;185.91991231;185.92037385;185.91453645
2015.10.23 16:54:02;185.91;;;185.93;;;185.91;;;185.92;;;185.91994154;185.92036159;185.91459081
2015.10.23 16:54:02;185.91;;;185.92;;;185.9;;;185.9;;;185.91329436;185.919694;185.91444563
2015.10.23 16:54:02;185.91;;;185.93;;;185.91;;;185.93;;;185.91886291;185.9200319;185.9146004
2015.10.23 16:54:02;185.92;;;185.94;;;185.92;;;185.94;;;185.9259086;185.92068659;185.91485313
2015.10.23 16:54:02;185.93;;;185.95;;;185.93;;;185.95;;;185.93393907;185.92164769;185.91520285
2015.10.23 16:54:02;185.94;;;185.95;;;185.94;;;185.94;;;185.93595938;185.9222494;185.91544959
2015.10.23 16:54:02;185.93;;;185.93;;;185.91;;;185.93;;;185.93397292;185.92250352;185.91559437
2015.10.23 16:54:02;185.92;;;185.93;;;185.9;;;185.9;;;185.92264861;185.9217657;185.9154392
2015.10.23 16:54:02;185.89;;;185.92;;;185.89;;;185.91;;;185.91843241;185.92137994;185.91538508
2015.10.23 16:54:02;185.92;;;185.93;;;185.92;;;185.92;;;185.91895494;185.92133469;185.915431
2015.10.23 16:54:02;185.93;;;185.95;;;185.92;;;185.94;;;185.92596996;185.92194667;185.91567547
2015.10.23 16:54:02;185.95;;;185.96;;;185.94;;;185.94;;;185.93064664;185.92253858;185.9159175
2015.10.23 16:54:02;185.93;;;185.96;;;185.93;;;185.96;;;185.94043109;185.92376683;185.91635613
2015.10.23 16:54:02;185.97;;;185.97;;;185.96;;;185.97;;;185.9502874;185.92528267;185.9168899
2015.10.23 16:54:02;185.98;;;185.99;;;185.97;;;185.97;;;185.95685826;185.92674881;185.91741836
2015.10.23 16:54:02;185.98;;;185.99;;;185.97;;;185.98;;;185.96457218;185.92849475;185.91804106
2015.10.23 16:54:02;185.99;;;185.99;;;185.97;;;185.98;;;185.96971478;185.93018345;185.91865757
2015.10.23 16:54:02;185.97;;;185.98;;;185.97;;;185.98;;;185.97314319;185.93181678;185.91926794
2015.10.23 16:54:02;185.97;;;186.03;;;185.97;;;186.02;;;185.98876213;185.93470803;185.92027025
2015.10.23 16:54:02;186.01;;;186.02;;;186;;;186.01;;;185.99584142;185.93717662;185.92116309
2015.10.23 16:54:02;186;;;186.02;;;186;;;186.02;;;186.00389428;185.93989214;185.92214654
2015.10.23 16:54:02;186.03;;;186.03;;;186.01;;;186.02;;;186.00926285;185.94251863;185.9231202
2015.10.23 16:54:02;186.01;;;186.01;;;186;;;186.01;;;186.00950857;185.94473113;185.92398468
2015.10.23 16:54:02;186;;;186.01;;;186;;;186;;;186.00633905;185.94654323;185.92474105
2015.10.23 16:54:02;185.99;;;185.99;;;185.98;;;185.99;;;186.0008927;185.94796804;185.92539039
2015.10.23 16:54:02;185.98;;;185.99;;;185.97;;;185.98;;;185.99392846;185.94901827;185.92593377
2015.10.23 16:54:02;185.99;;;186;;;185.98;;;185.98;;;185.98928564;185.95003406;185.92647175
2015.10.23 16:54:02;185.97;;;185.98;;;185.97;;;185.98;;;185.98619043;185.95101655;185.92700436
2015.10.23 16:54:02;185.97;;;185.98;;;185.97;;;185.97;;;185.98079362;185.95163896;185.92743218
2015.10.23 16:54:02;185.98;;;185.98;;;185.96;;;185.97;;;185.97719575;185.95224096;185.92785574
2015.10.23 16:54:02;185.98;;;185.98;;;185.97;;;185.98;;;185.9781305;185.95315109;185.92837459
2015.10.23 16:54:02;185.97;;;185.98;;;185.97;;;185.98;;;185.97875366;185.95403138;185.92888828
2015.10.23 16:54:02;185.99;;;186;;;185.98;;;185.99;;;185.98250244;185.95521068;185.92949635
2015.10.23 16:54:02;186;;;186;;;185.99;;;186;;;185.98833496;185.95667919;185.93019788
2015.10.23 16:54:02;185.99;;;186;;;185.99;;;185.99;;;185.98888997;185.95777167;185.93079293
2015.10.23 16:54:02;185.98;;;185.98;;;185.98;;;185.98;;;185.98592665;185.95850047;185.93128255
2015.10.23 16:54:02;185.97;;;185.97;;;185.96;;;185.96;;;185.97728443;185.95854963;185.9315683
2015.10.23 16:54:02;185.95;;;185.96;;;185.94;;;185.94;;;185.96485629;185.95794145;185.93165219
2015.10.23 16:54:02;185.95;;;185.95;;;185.93;;;185.95;;;185.95990419;185.95768107;185.93183476
2015.10.23 16:54:02;185.94;;;185.95;;;185.92;;;185.93;;;185.94993613;185.9567735;185.9318165
2015.10.23 16:54:02;185.94;;;185.94;;;185.92;;;185.94;;;185.94662409;185.95622355;185.93189793
2015.10.23 16:54:02;185.95;;;185.96;;;185.95;;;185.95;;;185.94774939;185.9560195;185.93207805
2015.10.23 16:54:02;185.96;;;185.97;;;185.95;;;185.96;;;185.95183293;185.95615;185.93235588
2015.10.23 16:54:02;185.97;;;185.97;;;185.95;;;185.96;;;185.95455528;185.95627623;185.93263095
2015.10.23 16:54:02;185.97;;;185.97;;;185.94;;;185.96;;;185.95637019;185.95639832;185.93290328
2015.10.23 16:54:02;185.95;;;185.96;;;185.95;;;185.96;;;185.95758013;185.95651641;185.9331729
2015.10.23 16:54:02;185.95;;;185.95;;;185.94;;;185.95;;;185.95505342;185.95630276;185.93334033
2015.10.23 16:54:02;185.96;;;185.97;;;185.94;;;185.94;;;185.95003561;185.95576824;185.93340659
2015.10.23 16:54:02;185.95;;;185.96;;;185.94;;;185.95;;;185.95002374;185.95557912;185.9335717
2015.10.23 16:54:02;185.96;;;185.96;;;185.95;;;185.95;;;185.95001583;185.9553962;185.93373517
2015.10.23 16:54:02;185.94;;;185.95;;;185.93;;;185.94;;;185.94667722;185.9548914;185.93379751
2015.10.23 16:54:02;185.93;;;185.97;;;185.93;;;185.97;;;185.95445148;185.95538677;185.93415773
2015.10.23 16:54:02;185.98;;;185.98;;;185.97;;;185.98;;;185.96296765;185.95619376;185.93461387
2015.10.23 16:54:02;185.99;;;185.99;;;185.98;;;185.99;;;185.97197844;185.95730216;185.93516498
2015.10.23 16:54:02;185.98;;;185.99;;;185.97;;;185.97;;;185.97131896;185.95771848;185.93551159
2015.10.23 16:54:02;185.96;;;185.96;;;185.96;;;185.96;;;185.96754597;185.95779329;185.93575526
2015.10.23 16:54:02;185.97;;;185.97;;;185.95;;;185.95;;;185.96169731;185.95753777;185.935897
2015.10.23 16:54:02;185.94;;;185.94;;;185.92;;;185.93;;;185.95113154;185.95663489;185.93583832
2015.10.23 16:54:02;185.92;;;185.92;;;185.91;;;185.91;;;185.93742103;185.95510588;185.93558122
2015.10.23 16:54:02;185.92;;;185.92;;;185.9;;;185.9;;;185.92494735;185.95329913;185.93522718
2015.10.23 16:54:02;185.91;;;185.92;;;185.9;;;185.91;;;185.9199649;185.95187949;185.93497617
2015.10.23 16:54:02;185.92;;;185.93;;;185.9;;;185.91;;;185.91664327;185.95050639;185.93472765
2015.10.23 16:54:02;185.9;;;185.91;;;185.9;;;185.9;;;185.91109551;185.94885044;185.9343821
2015.10.23 16:54:02;185.91;;;185.91;;;185.9;;;185.91;;;185.91073034;185.94757666;185.93413949
2015.10.23 16:54:02;185.9;;;185.9;;;185.89;;;185.89;;;185.90382023;185.9456889;185.93370029
2015.10.23 16:54:02;185.9;;;185.91;;;185.89;;;185.89;;;185.89921348;185.94386303;185.93326546
2015.10.23 16:54:02;185.9;;;185.9;;;185.88;;;185.89;;;185.89614232;185.94209703;185.93283496
2015.10.23 16:54:02;185.88;;;185.88;;;185.87;;;185.87;;;185.88742822;185.93973319;185.93220974
2015.10.23 16:54:02;185.86;;;185.88;;;185.86;;;185.87;;;185.88161881;185.93744686;185.93159073
2015.10.23 16:54:02;185.88;;;185.88;;;185.84;;;185.87;;;185.87774587;185.93523549;185.93097789
2015.10.23 16:54:02;185.88;;;185.88;;;185.86;;;185.87;;;185.87516392;185.93309662;185.93037115
2015.10.23 16:54:02;185.86;;;185.87;;;185.86;;;185.87;;;185.87344261;185.93102788;185.92977044
2015.10.23 16:54:02;185.86;;;185.86;;;185.86;;;185.86;;;185.86896174;185.92869909;185.9290762
2015.10.23 16:54:02;185.85;;;185.87;;;185.85;;;185.86;;;185.86597449;185.92644666;185.92838888
2015.10.23 16:54:02;185.85;;;185.85;;;185.81;;;185.83;;;185.853983;185.92328448;185.92740989
2015.10.23 16:54:02;185.84;;;185.85;;;185.84;;;185.84;;;185.849322;185.92055384;185.92654014
2015.10.23 16:54:02;185.85;;;185.85;;;185.83;;;185.84;;;185.84621466;185.91791273;185.92567904
2015.10.23 16:54:02;185.83;;;185.84;;;185.82;;;185.82;;;185.83747644;185.91470248;185.92462751
2015.10.23 16:54:02;185.81;;;185.82;;;185.8;;;185.81;;;185.82831763;185.91126961;185.92348693
2015.10.23 16:54:02;185.82;;;185.83;;;185.81;;;185.81;;;185.82221175;185.90794929;185.92235771
2015.10.23 16:54:02;185.82;;;185.82;;;185.79;;;185.8;;;185.81480784;185.90440997;185.92114022
2015.10.23 16:54:02;185.81;;;185.81;;;185.8;;;185.8;;;185.80987189;185.90098669;185.91993485
2015.10.23 16:54:02;185.81;;;185.81;;;185.79;;;185.81;;;185.80991459;185.89800352;185.91884097
2015.10.23 16:54:02;185.8;;;185.82;;;185.8;;;185.82;;;185.8132764;185.89544603;185.91785747
2015.10.23 16:54:02;185.81;;;185.81;;;185.8;;;185.8;;;185.80885093;185.89231665;185.91668476
2015.10.23 16:54:02;185.81;;;185.81;;;185.8;;;185.81;;;185.80923395;185.88961775;185.91562322
2015.10.23 16:54:02;185.82;;;185.83;;;185.81;;;185.82;;;185.81282264;185.8873352;185.91467175
2015.10.23 16:54:02;185.83;;;185.83;;;185.82;;;185.82;;;185.81521509;185.88512749;185.91372974
2015.10.23 16:54:02;185.83;;;185.83;;;185.82;;;185.82;;;185.81681006;185.88299216;185.91279711
2015.10.23 16:54:02;185.81;;;185.82;;;185.81;;;185.82;;;185.81787337;185.88092684;185.91187375
2015.10.23 16:54:02;185.83;;;185.83;;;185.82;;;185.83;;;185.82191558;185.87925711;185.91105909
2015.10.23 16:54:02;185.82;;;185.83;;;185.82;;;185.82;;;185.82127705;185.87731425;185.91015303
2015.10.23 16:54:02;185.83;;;185.89;;;185.83;;;185.85;;;185.83085137;185.8764187;185.90955449
2015.10.23 16:54:02;185.84;;;185.85;;;185.84;;;185.85;;;185.83723425;185.87555252;185.90896191
2015.10.23 16:54:02;185.84;;;185.85;;;185.83;;;185.83;;;185.83482283;185.87405899;185.90817622
2015.10.23 16:54:02;185.82;;;185.84;;;185.82;;;185.84;;;185.83654855;185.8729423;185.90749785
2015.10.23 16:54:02;185.85;;;185.86;;;185.84;;;185.85;;;185.84103237;185.8721901;185.90692573
2015.10.23 16:54:02;185.84;;;185.85;;;185.81;;;185.81;;;185.83068825;185.87015108;185.90596129
2015.10.23 16:54:02;185.82;;;185.82;;;185.79;;;185.79;;;185.8171255;185.86752317;185.90480745
2015.10.23 16:54:02;185.8;;;185.81;;;185.78;;;185.81;;;185.81475033;185.86563717;185.90386409
2015.10.23 16:54:02;185.8;;;185.81;;;185.8;;;185.81;;;185.81316689;185.863813;185.90293012
2015.10.23 16:54:02;185.8;;;185.81;;;185.79;;;185.8;;;185.80877793;185.86172077;185.90190594
2015.10.23 16:54:02;185.79;;;185.81;;;185.79;;;185.81;;;185.80918528;185.86002501;185.90099145
2015.10.23 16:54:02;185.8;;;185.8;;;185.8;;;185.8;;;185.80612352;185.85805697;185.89998656
2015.10.23 16:54:02;185.81;;;185.81;;;185.8;;;185.81;;;185.80741568;185.85648133;185.89909118
2015.10.23 16:54:02;185.8;;;185.8;;;185.79;;;185.8;;;185.80494379;185.85462949;185.89810519
2015.10.23 16:54:02;185.81;;;185.82;;;185.8;;;185.82;;;185.80996253;185.85349409;185.89732803
2015.10.23 16:54:02;185.81;;;185.82;;;185.81;;;185.81;;;185.80997502;185.85206806;185.89645909
2015.10.23 16:54:02;185.82;;;185.82;;;185.8;;;185.8;;;185.80665001;185.85036091;185.8954993
2015.10.23 16:54:02;185.81;;;185.81;;;185.8;;;185.81;;;185.80776667;185.8490376;185.89464856
2015.10.23 16:54:02;185.8;;;185.8;;;185.79;;;185.8;;;185.80517778;185.84742981;185.89370678
2015.10.23 16:54:02;185.79;;;185.82;;;185.79;;;185.82;;;185.81011852;185.84653047;185.89297338
2015.10.23 16:54:02;185.83;;;185.83;;;185.82;;;185.82;;;185.81341235;185.84566062;185.89224728
2015.10.23 16:54:02;185.83;;;185.84;;;185.83;;;185.84;;;185.8222749;185.84547503;185.89172741
2015.10.23 16:54:02;185.83;;;185.83;;;185.83;;;185.83;;;185.82484993;185.84496765;185.8911132
2015.10.23 16:54:02;185.84;;;185.86;;;185.83;;;185.85;;;185.83323329;185.84513264;185.89070412
2015.10.23 16:54:02;185.86;;;185.86;;;185.85;;;185.85;;;185.83882219;185.84529223;185.8902991
2015.10.23 16:54:02;185.84;;;185.84;;;185.83;;;185.84;;;185.83921479;185.84511871;185.88979861
2015.10.23 16:54:02;185.83;;;185.84;;;185.83;;;185.83;;;185.8361432;185.84462302;185.8892036
2015.10.23 16:54:02;185.82;;;185.84;;;185.81;;;185.84;;;185.8374288;185.84447144;185.88871401
2015.10.23 16:54:02;185.83;;;185.84;;;185.83;;;185.83;;;185.83495253;185.84399697;185.88812979
2015.10.23 16:54:02;185.84;;;185.84;;;185.84;;;185.84;;;185.83663502;185.84386592;185.88765089
2015.10.23 16:54:02;185.83;;;185.83;;;185.83;;;185.83;;;185.83442335;185.8434113;185.88707725
2015.10.23 16:54:02;185.84;;;185.84;;;185.83;;;185.84;;;185.83628223;185.84329946;185.88660882
2015.10.23 16:54:02;185.83;;;185.83;;;185.83;;;185.83;;;185.83418815;185.84286341;185.88604555
2015.10.23 16:54:02;185.82;;;185.84;;;185.82;;;185.84;;;185.83612544;185.84276953;185.88558738
2015.10.23 16:54:02;185.85;;;185.85;;;185.83;;;185.83;;;185.83408362;185.84235085;185.88503427
2015.10.23 16:54:02;185.84;;;185.84;;;185.8;;;185.81;;;185.82605575;185.84129017;185.88428767
2015.10.23 16:54:02;185.8;;;185.82;;;185.8;;;185.82;;;185.82403717;185.84059213;185.88364799
2015.10.23 16:54:02;185.83;;;185.83;;;185.82;;;185.82;;;185.82269144;185.83991698;185.88301467
2015.10.23 16:54:02;185.83;;;185.83;;;185.82;;;185.83;;;185.82512763;185.83959183;185.88248716
2015.10.23 16:54:02;185.84;;;185.84;;;185.83;;;185.83;;;185.82675175;185.83927735;185.8819649
2015.10.23 16:54:02;185.82;;;185.82;;;185.8;;;185.8;;;185.8178345;185.83798956;185.88114933
2015.10.23 16:54:02;185.79;;;185.82;;;185.79;;;185.82;;;185.81855633;185.83739974;185.88054088
2015.10.23 16:54:02;185.83;;;185.83;;;185.82;;;185.82;;;185.81903756;185.83682926;185.87993849
2015.10.23 16:54:02;185.83;;;185.83;;;185.8;;;185.81;;;185.81602504;185.83594961;185.87924258
2015.10.23 16:54:02;185.82;;;185.82;;;185.8;;;185.82;;;185.81735003;185.83542667;185.8786531
2015.10.23 16:54:02;185.81;;;185.83;;;185.81;;;185.82;;;185.81823335;185.83492088;185.87806949
2015.10.23 16:54:02;185.83;;;185.85;;;185.82;;;185.85;;;185.82882223;185.83541528;185.87779019
2015.10.23 16:54:02;185.84;;;185.86;;;185.83;;;185.86;;;185.83921482;185.83622133;185.87761317
2015.10.23 16:54:02;185.87;;;185.87;;;185.84;;;185.85;;;185.84280988;185.83667309;185.87733842
2015.10.23 16:54:02;185.84;;;185.84;;;185.83;;;185.83;;;185.83853992;185.8364543;185.87686739
2015.10.23 16:54:02;185.84;;;185.84;;;185.83;;;185.83;;;185.83569328;185.83624269;185.87640104
2015.10.23 16:54:02;185.82;;;185.84;;;185.82;;;185.84;;;185.83712885;185.83636588;185.87603884
2015.10.23 16:54:02;185.83;;;185.83;;;185.82;;;185.82;;;185.83141924;185.83582929;185.87548124
2015.10.23 16:54:02;185.83;;;185.83;;;185.81;;;185.82;;;185.82761282;185.8353103;185.87492919
2015.10.23 16:54:02;185.81;;;185.82;;;185.8;;;185.81;;;185.82174188;185.83448045;185.87428313
2015.10.23 16:54:02;185.82;;;185.84;;;185.81;;;185.84;;;185.82782792;185.83466142;185.873942
2015.10.23 16:54:02;185.85;;;185.85;;;185.83;;;185.84;;;185.83188528;185.83483646;185.87360427
2015.10.23 16:54:02;185.85;;;185.87;;;185.85;;;185.85;;;185.83792352;185.83533362;185.8733694
2015.10.23 16:54:02;185.86;;;185.86;;;185.83;;;185.84;;;185.83861568;185.83548662;185.87303737
2015.10.23 16:54:02;185.83;;;185.85;;;185.83;;;185.84;;;185.83907712;185.8356346;185.87270864
2015.10.23 16:54:02;185.85;;;185.87;;;185.84;;;185.87;;;185.84938475;185.83676133;185.87268169
2015.10.23 16:54:02;185.86;;;185.89;;;185.82;;;185.82;;;185.83958983;185.83621178;185.87215749
2015.10.23 16:54:02;185.81;;;185.83;;;185.81;;;185.83;;;185.83639322;185.83600812;185.87173802
2015.10.23 16:54:02;185.82;;;185.84;;;185.81;;;185.82;;;185.83092881;185.83548326;185.87122321
2015.10.23 16:54:02;185.81;;;185.82;;;185.8;;;185.8;;;185.82061921;185.83431987;185.87051452
2015.10.23 16:54:02;185.79;;;185.8;;;185.78;;;185.79;;;185.81041281;185.83286676;185.86971338
2015.10.23 16:54:02;185.78;;;185.78;;;185.77;;;185.77;;;185.79694187;185.83080556;185.86872121
2015.10.23 16:54:02;185.76;;;185.78;;;185.75;;;185.77;;;185.78796125;185.82881193;185.86773891
2015.10.23 16:54:02;185.76;;;185.81;;;185.76;;;185.81;;;185.7953075;185.82819515;185.86716439
2015.10.23 16:54:02;185.78;;;185.79;;;185.76;;;185.77;;;185.78687167;185.82628711;185.86619758
2015.10.23 16:54:02;185.78;;;185.79;;;185.76;;;185.76;;;185.77791444;185.82411376;185.86514089
2015.10.23 16:54:02;185.75;;;185.75;;;185.74;;;185.74;;;185.7652763;185.82135593;185.86389571
2015.10.23 16:54:02;185.73;;;185.74;;;185.72;;;185.73;;;185.75351753;185.81836066;185.86256341
2015.10.23 16:54:02;185.74;;;185.76;;;185.71;;;185.75;;;185.75234502;185.81611932;185.86144338
2015.10.23 16:54:02;185.76;;;185.76;;;185.73;;;185.73;;;185.74489668;185.81329574;185.86013548
2015.10.23 16:54:02;185.72;;;185.76;;;185.71;;;185.75;;;185.74659779;185.81122047;185.85903961
2015.10.23 16:54:02;185.74;;;185.74;;;185.71;;;185.71;;;185.73439852;185.80790177;185.85755663
2015.10.23 16:54:02;185.72;;;185.73;;;185.71;;;185.73;;;185.73293235;185.80534761;185.85628741
2015.10.23 16:54:02;185.72;;;185.72;;;185.71;;;185.71;;;185.72528823;185.80222146;185.85483181
2015.10.23 16:54:02;185.7;;;185.73;;;185.7;;;185.73;;;185.72685882;185.79985354;185.8535897
2015.10.23 16:54:02;185.72;;;185.74;;;185.72;;;185.73;;;185.72790588;185.79756326;185.85235995
2015.10.23 16:54:02;185.74;;;185.76;;;185.73;;;185.76;;;185.73860392;185.79633168;185.85144095
2015.10.23 16:54:02;185.77;;;185.79;;;185.76;;;185.79;;;185.75573595;185.79612408;185.8508296
2015.10.23 16:54:02;185.78;;;185.8;;;185.77;;;185.79;;;185.7671573;185.79592329;185.85022433
2015.10.23 16:54:02;185.78;;;185.79;;;185.77;;;185.78;;;185.7714382;185.79540122;185.84952558
2015.10.23 16:54:02;185.79;;;185.8;;;185.77;;;185.77;;;185.7709588;185.79456839;185.84873428
2015.10.23 16:54:02;185.76;;;185.77;;;185.76;;;185.77;;;185.7706392;185.79376287;185.84795085
2015.10.23 16:54:02;185.76;;;185.78;;;185.76;;;185.77;;;185.77042613;185.79298376;185.84717522
2015.10.23 16:54:02;185.78;;;185.82;;;185.77;;;185.82;;;185.78695076;185.79386954;185.84690482
2015.10.23 16:54:02;185.81;;;185.85;;;185.81;;;185.83;;;185.8013005;185.79505414;185.84673661
2015.10.23 16:54:02;185.84;;;185.92;;;185.81;;;185.92;;;185.840867;185.79915073;185.8474656
2015.10.23 16:54:02;185.91;;;185.93;;;185.87;;;185.93;;;185.870578;185.80344087;185.84828684
2015.10.23 16:54:02;185.92;;;185.93;;;185.9;;;185.92;;;185.887052;185.80726248;185.84900041
2015.10.23 16:54:02;185.91;;;185.92;;;185.91;;;185.92;;;185.89803467;185.81095879;185.84970687
2015.10.23 16:54:02;185.91;;;185.92;;;185.88;;;185.88;;;185.89202311;185.81322244;185.85000829
2015.10.23 16:54:02;185.89;;;185.91;;;185.88;;;185.91;;;185.89801541;185.81639547;185.85060523
2015.10.23 16:54:02;185.9;;;185.91;;;185.89;;;185.89;;;185.89534361;185.81880874;185.85099721
2015.10.23 16:54:02;185.88;;;185.89;;;185.86;;;185.86;;;185.8835624;185.82015927;185.85108679
2015.10.23 16:54:02;185.85;;;185.88;;;185.85;;;185.87;;;185.8790416;185.82179339;185.85127498
2015.10.23 16:54:02;185.86;;;185.86;;;185.83;;;185.83;;;185.8626944;185.82206246;185.85106329
2015.10.23 16:54:02;185.84;;;185.89;;;185.84;;;185.88;;;185.86846293;185.82396205;185.85135122
2015.10.23 16:54:02;185.89;;;185.91;;;185.88;;;185.89;;;185.87564196;185.82612723;185.85173579
2015.10.23 16:54:02;185.88;;;185.9;;;185.88;;;185.89;;;185.88042797;185.82822142;185.85211652
2015.10.23 16:54:02;185.9;;;185.92;;;185.88;;;185.92;;;185.89361865;185.83123055;185.85279198
2015.10.23 16:54:02;185.91;;;185.93;;;185.91;;;185.91;;;185.8990791;185.83381316;185.85336122
2015.10.23 16:54:02;185.92;;;185.92;;;185.9;;;185.91;;;185.9027194;185.83631109;185.85392479
2015.10.23 16:54:02;185.9;;;185.9;;;185.89;;;185.9;;;185.90181293;185.83839925;185.85438325
2015.10.23 16:54:02;185.91;;;185.91;;;185.86;;;185.86;;;185.88787529;185.83910747;185.85443913
2015.10.23 16:54:02;185.85;;;185.86;;;185.81;;;185.82;;;185.86525019;185.838481;185.85409646
2015.10.23 16:54:02;185.81;;;185.84;;;185.8;;;185.81;;;185.84683346;185.83754719;185.85365768
2015.10.23 16:54:02;185.8;;;185.81;;;185.79;;;185.81;;;185.83455564;185.83664401;185.85322328
2015.10.23 16:54:02;185.8;;;185.82;;;185.8;;;185.81;;;185.82637043;185.83577043;185.8527932
2015.10.23 16:54:02;185.82;;;185.83;;;185.82;;;185.83;;;185.82758028;185.83558124;185.8525664
2015.10.23 16:54:02;185.82;;;185.83;;;185.81;;;185.82;;;185.82505352;185.83507038;185.85224236
2015.10.23 16:54:02;185.81;;;185.82;;;185.8;;;185.8;;;185.81670235;185.83392053;185.85172253
2015.10.23 16:54:02;185.79;;;185.8;;;185.78;;;185.79;;;185.80780157;185.83248051;185.85110838
2015.10.23 16:54:02;185.78;;;185.78;;;185.75;;;185.75;;;185.78853438;185.82977623;185.85010232
2015.10.23 16:54:02;185.76;;;185.78;;;185.75;;;185.78;;;185.78568958;185.82814423;185.84940479
2015.10.23 16:54:02;185.79;;;185.81;;;185.79;;;185.79;;;185.78712639;185.82689359;185.8488137
2015.10.23 16:54:02;185.8;;;185.86;;;185.8;;;185.85;;;185.80808426;185.82765118;185.8488255
2015.10.23 16:54:02;185.84;;;185.87;;;185.76;;;185.8;;;185.80538951;185.82674459;185.84833967
2015.10.23 16:54:02;185.79;;;185.86;;;185.79;;;185.84;;;185.81692634;185.82717919;185.84825669
2015.10.23 16:54:02;185.85;;;185.86;;;185.81;;;185.84;;;185.82461756;185.82759954;185.84817454
2015.10.23 16:54:02;185.83;;;185.86;;;185.82;;;185.83;;;185.82641171;185.82767825;185.84799369
2015.10.23 16:54:02;185.82;;;185.85;;;185.82;;;185.84;;;185.83094114;185.82808224;185.84791415
2015.10.23 16:54:02;185.83;;;185.88;;;185.83;;;185.85;;;185.83729409;185.82880085;185.84793491
2015.10.23 16:54:02;185.86;;;185.9;;;185.86;;;185.9;;;185.85819606;185.83113525;185.84845297
2015.10.23 16:54:02;185.89;;;185.89;;;185.86;;;185.88;;;185.86546404;185.83273738;185.84876687
2015.10.23 16:54:02;185.87;;;185.88;;;185.81;;;185.81;;;185.84697603;185.83199189;185.84838113
2015.10.23 16:54:02;185.8;;;185.81;;;185.78;;;185.78;;;185.82465068;185.83028724;185.84770072
2015.10.23 16:54:02;185.79;;;185.81;;;185.74;;;185.78;;;185.80976712;185.82863847;185.84702708
2015.10.23 16:54:02;185.79;;;185.81;;;185.41;;;185.41;;;185.67651142;185.81491262;185.84267855
2015.10.23 16:54:02;185.42;;;185.56;;;185.34;;;185.5;;;185.61767428;185.80458762;185.83926882
2015.10.23 16:54:02;185.49;;;185.54;;;185.43;;;185.54;;;185.59178285;185.79591261;185.83629102
2015.10.23 16:54:02;185.53;;;185.56;;;185.38;;;185.4;;;185.52785523;185.78293187;185.83194981
2015.10.23 16:54:02;185.41;;;185.45;;;185.37;;;185.41;;;185.48857016;185.7707046;185.82775131
2015.10.23 16:54:02;185.42;;;185.45;;;185.39;;;185.42;;;185.46571344;185.75920609;185.82369408
2015.10.23 16:54:02;185.43;;;185.45;;;185.37;;;185.37;;;185.43380896;185.74644523;185.81917971
2015.10.23 16:54:02;185.36;;;185.37;;;185.23;;;185.26;;;185.37587264;185.73049621;185.81361574
2015.10.23 16:54:02;185.27;;;185.4;;;185.27;;;185.39;;;185.38058176;185.7193324;185.80940065
2015.10.23 16:54:02;185.38;;;185.42;;;185.34;;;185.35;;;185.37038784;185.70722314;185.8048295
2015.10.23 16:54:02;185.36;;;185.43;;;185.35;;;185.43;;;185.39025856;185.69813386;185.80109986
2015.10.23 16:54:02;185.42;;;185.42;;;185.35;;;185.42;;;185.40017237;185.68901471;185.79730782
2015.10.23 16:54:02;185.41;;;185.44;;;185.4;;;185.43;;;185.41011492;185.68052243;185.79365301
2015.10.23 16:54:02;185.44;;;185.48;;;185.44;;;185.44;;;185.42007661;185.67263645;185.79013408
2015.10.23 16:54:02;185.45;;;185.49;;;185.44;;;185.48;;;185.44005107;185.6663205;185.78704817
2015.10.23 16:54:02;185.47;;;185.48;;;185.37;;;185.37;;;185.41670072;185.65660507;185.78289843
2015.10.23 16:54:02;185.38;;;185.44;;;185.38;;;185.41;;;185.41446714;185.64851966;185.779188
2015.10.23 16:54:02;185.4;;;185.41;;;185.39;;;185.39;;;185.40631143;185.6400436;185.77531548
2015.10.23 16:54:02;185.38;;;185.41;;;185.37;;;185.41;;;185.40754095;185.63250119;185.7716805
2015.10.23 16:54:02;185.4;;;185.46;;;185.34;;;185.34;;;185.3850273;185.62291099;185.76738518
2015.10.23 16:54:02;185.35;;;185.42;;;185.35;;;185.4;;;185.3900182;185.61560243;185.7637296
2015.10.23 16:54:02;185.41;;;185.42;;;185.37;;;185.37;;;185.38334547;185.60754989;185.75981189
2015.10.23 16:54:02;185.36;;;185.41;;;185.36;;;185.41;;;185.39223031;185.60107285;185.75633118
2015.10.23 16:54:02;185.4;;;185.41;;;185.38;;;185.38;;;185.38815354;185.59382456;185.75258659
2015.10.23 16:54:02;185.37;;;185.44;;;185.37;;;185.38;;;185.38543569;185.58681392;185.74887926
2015.10.23 16:54:02;185.39;;;185.47;;;185.39;;;185.47;;;185.4136238;185.58298395;185.74610434
2015.10.23 16:54:02;185.46;;;185.48;;;185.44;;;185.46;;;185.42908253;185.57895169;185.74325753
2015.10.23 16:54:02;185.45;;;185.46;;;185.42;;;185.42;;;185.42605502;185.57374016;185.74004104
2015.10.23 16:54:02;185.43;;;185.44;;;185.38;;;185.39;;;185.41403668;185.56771589;185.73655805
2015.10.23 16:54:02;185.4;;;185.44;;;185.39;;;185.4;;;185.40935779;185.56221701;185.73320921
2015.10.23 16:54:02;185.39;;;185.4;;;185.34;;;185.38;;;185.39957186;185.55624268;185.72969469
2015.10.23 16:54:02;185.37;;;185.38;;;185.3;;;185.32;;;185.37304791;185.54849702;185.72561813
2015.10.23 16:54:02;185.33;;;185.36;;;185.31;;;185.34;;;185.36203194;185.54166105;185.72178113
2015.10.23 16:54:02;185.33;;;185.35;;;185.29;;;185.29;;;185.33802129;185.53340987;185.7174848
2015.10.23 16:54:02;185.3;;;185.37;;;185.28;;;185.34;;;185.33868086;185.52706856;185.71372873
2015.10.23 16:54:02;185.35;;;185.4;;;185.35;;;185.37;;;185.34912057;185.52191877;185.71030855
2015.10.23 16:54:02;185.38;;;185.4;;;185.37;;;185.38;;;185.35941372;185.5172657;185.70702189
2015.10.23 16:54:02;185.39;;;185.4;;;185.35;;;185.37;;;185.36294248;185.51243732;185.70366844
2015.10.23 16:54:02;185.36;;;185.36;;;185.28;;;185.34;;;185.35529498;185.50678363;185.70004985
2015.10.23 16:54:02;185.35;;;185.36;;;185.32;;;185.34;;;185.35019666;185.50131532;185.69646726
2015.10.23 16:54:02;185.33;;;185.35;;;185.33;;;185.34;;;185.34679777;185.49602629;185.69292033
2015.10.23 16:54:02;185.33;;;185.38;;;185.31;;;185.38;;;185.35786518;185.49222215;185.68980669
2015.10.23 16:54:02;185.37;;;185.39;;;185.36;;;185.37;;;185.36191012;185.48821487;185.68662454
2015.10.23 16:54:02;185.38;;;185.4;;;185.36;;;185.37;;;185.36460675;185.48433897;185.68347404
2015.10.23 16:54:02;185.36;;;185.38;;;185.35;;;185.35;;;185.35973783;185.47993441;185.68015589
2015.10.23 16:54:02;185.36;;;185.41;;;185.35;;;185.41;;;185.37649189;185.47764148;185.67746777
2015.10.23 16:54:02;185.4;;;185.41;;;185.38;;;185.4;;;185.38432793;185.47509586;185.6747069
2015.10.23 16:54:02;185.41;;;185.41;;;185.33;;;185.34;;;185.36955195;185.47066649;185.67137648
2015.10.23 16:54:02;185.33;;;185.34;;;185.3;;;185.32;;;185.35303463;185.4657266;185.6678802
2015.10.23 16:54:02;185.31;;;185.39;;;185.31;;;185.39;;;185.36535642;185.46324376;185.66511522
2015.10.23 16:54:02;185.38;;;185.4;;;185.33;;;185.33;;;185.35357095;185.45887511;185.66178074
2015.10.23 16:54:02;185.34;;;185.4;;;185.33;;;185.4;;;185.3690473;185.45694478;185.65917596
2015.10.23 16:54:02;185.41;;;185.41;;;185.34;;;185.37;;;185.36936487;185.45409413;185.65629859
2015.10.23 16:54:02;185.38;;;185.41;;;185.37;;;185.39;;;185.37624324;185.45199269;185.65364885
2015.10.23 16:54:02;185.4;;;185.4;;;185.35;;;185.37;;;185.37416216;185.4493044;185.65082647
2015.10.23 16:54:02;185.36;;;185.38;;;185.35;;;185.36;;;185.36944144;185.44637639;185.64793268
2015.10.23 16:54:02;185.37;;;185.37;;;185.33;;;185.35;;;185.36296096;185.44321651;185.64496817
2015.10.23 16:54:02;185.36;;;185.39;;;185.35;;;185.36;;;185.36197397;185.4404881;185.64213267
2015.10.23 16:54:02;185.35;;;185.37;;;185.34;;;185.37;;;185.36464932;185.43817701;185.63942488
2015.10.23 16:54:02;185.36;;;185.37;;;185.35;;;185.36;;;185.36309954;185.43561383;185.63664453
2015.10.23 16:54:02;185.35;;;185.37;;;185.34;;;185.34;;;185.3553997;185.43247895;185.63369285
2015.10.23 16:54:02;185.35;;;185.35;;;185.26;;;185.27;;;185.32693313;185.42715177;185.63007401
2015.10.23 16:54:02;185.28;;;185.32;;;185.28;;;185.31;;;185.32128875;185.42331073;185.6268892
2015.10.23 16:54:02;185.36;;;185.37;;;185.34;;;185.36;;;185.3341925;185.42123497;185.62423358
2015.10.23 16:54:02;185.35;;;185.36;;;185.33;;;185.34;;;185.33612834;185.41857153;185.62140539
2015.10.23 16:54:02;185.33;;;185.33;;;185.31;;;185.31;;;185.32741889;185.41501181;185.61830683
2015.10.23 16:54:02;185.32;;;185.33;;;185.29;;;185.31;;;185.32161259;185.4115688;185.6152391
2015.10.23 16:54:02;185.32;;;185.36;;;185.32;;;185.36;;;185.3344084;185.40987802;185.61269941
2015.10.23 16:54:02;185.35;;;185.37;;;185.34;;;185.36;;;185.34293893;185.40824267;185.61018498
2015.10.23 16:54:02;185.35;;;185.35;;;185.32;;;185.35;;;185.34529262;185.40633308;185.60759608
2015.10.23 16:54:02;185.34;;;185.34;;;185.27;;;185.28;;;185.32352841;185.40219101;185.60433642
2015.10.23 16:54:02;185.29;;;185.35;;;185.29;;;185.35;;;185.33235228;185.40047983;185.60180571
2015.10.23 16:54:02;185.34;;;185.34;;;185.31;;;185.33;;;185.33156818;185.39816901;185.59910117
2015.10.23 16:54:02;185.34;;;185.34;;;185.31;;;185.31;;;185.32437879;185.39527823;185.59622454
2015.10.23 16:54:02;185.32;;;185.34;;;185.32;;;185.34;;;185.32958586;185.39346582;185.59367504
2015.10.23 16:54:02;185.33;;;185.34;;;185.32;;;185.33;;;185.32972391;185.39138498;185.59105141
2015.10.23 16:54:02;185.34;;;185.36;;;185.34;;;185.36;;;185.33981594;185.39035596;185.58875239
2015.10.23 16:54:02;185.37;;;185.37;;;185.34;;;185.34;;;185.33987729;185.38870495;185.58627724
2015.10.23 16:54:02;185.33;;;185.35;;;185.31;;;185.32;;;185.33325153;185.38645233;185.58362772
2015.10.23 16:54:02;185.33;;;185.36;;;185.33;;;185.35;;;185.33883435;185.38525717;185.58130307
2015.10.23 16:54:02;185.34;;;185.34;;;185.33;;;185.34;;;185.3392229;185.38377333;185.57890204
2015.10.23 16:54:02;185.33;;;185.35;;;185.32;;;185.35;;;185.34281527;185.382666;185.57662441
2015.10.23 16:54:02;185.36;;;185.36;;;185.31;;;185.33;;;185.33854351;185.38093925;185.57417043
2015.10.23 16:54:02;185.32;;;185.38;;;185.32;;;185.37;;;185.34902901;185.38058059;185.57213889
2015.10.23 16:54:02;185.36;;;185.37;;;185.33;;;185.34;;;185.34601934;185.37925007;185.56982905
2015.10.23 16:54:02;185.33;;;185.35;;;185.32;;;185.34;;;185.34401289;185.37796319;185.56754219
2015.10.23 16:54:02;185.33;;;185.37;;;185.33;;;185.35;;;185.34600859;185.37704636;185.56537759
2015.10.23 16:54:02;185.36;;;185.36;;;185.33;;;185.34;;;185.34400573;185.37583173;185.56313503
2015.10.23 16:54:02;185.33;;;185.36;;;185.32;;;185.34;;;185.34267049;185.37465692;185.56091478
2015.10.23 16:54:02;185.33;;;185.35;;;185.3;;;185.31;;;185.33178032;185.37253702;185.55841812
2015.10.23 16:54:02;185.32;;;185.34;;;185.32;;;185.33;;;185.33118688;185.37114236;185.5561453
2015.10.23 16:54:02;185.34;;;185.34;;;185.3;;;185.31;;;185.32412459;185.36913769;185.55369609
2015.10.23 16:54:02;185.32;;;185.34;;;185.31;;;185.33;;;185.32608306;185.36785449;185.55147026
2015.10.23 16:54:02;185.32;;;185.34;;;185.31;;;185.34;;;185.33072204;185.36694123;185.54936608
2015.10.23 16:54:02;185.33;;;185.36;;;185.33;;;185.35;;;185.33714803;185.36638578;185.54738234
2015.10.23 16:54:02;185.34;;;185.35;;;185.33;;;185.35;;;185.34143202;185.36584854;185.54541833
2015.10.23 16:54:02;185.36;;;185.38;;;185.35;;;185.35;;;185.34428801;185.36532891;185.54347387
2015.10.23 16:54:02;185.36;;;185.36;;;185.34;;;185.34;;;185.34285867;185.36449846;185.54144926
2015.10.23 16:54:02;185.35;;;185.35;;;185.34;;;185.34;;;185.34190578;185.36369523;185.53944479
2015.10.23 16:54:02;185.33;;;185.34;;;185.31;;;185.33;;;185.33793719;185.36259047;185.53736076
2015.10.23 16:54:02;185.32;;;185.34;;;185.32;;;185.33;;;185.33529146;185.36152193;185.53529747
2015.10.23 16:54:02;185.34;;;185.38;;;185.34;;;185.36;;;185.34352764;185.36147203;185.53355321
2015.10.23 16:54:02;185.35;;;185.36;;;185.33;;;185.34;;;185.34235176;185.36076803;185.53162731
2015.10.23 16:54:02;185.35;;;185.37;;;185.35;;;185.36;;;185.34823451;185.36074285;185.52991958
2015.10.23 16:54:02;185.35;;;185.36;;;185.33;;;185.35;;;185.348823;185.36039062;185.52812933
2015.10.23 16:54:02;185.34;;;185.35;;;185.33;;;185.35;;;185.34921534;185.36004995;185.5263569
2015.10.23 16:54:02;185.34;;;185.37;;;185.34;;;185.37;;;185.35614356;185.36037618;185.52480111
2015.10.23 16:54:02;185.38;;;185.41;;;185.35;;;185.41;;;185.3740957;185.36200319;185.52365881
2015.10.23 16:54:02;185.42;;;185.43;;;185.41;;;185.42;;;185.38939714;185.36390472;185.52262738
2015.10.23 16:54:02;185.43;;;185.48;;;185.42;;;185.46;;;185.41293142;185.36705539;185.52200422
2015.10.23 16:54:02;185.45;;;185.46;;;185.39;;;185.4;;;185.40862095;185.36813554;185.52079025
2015.10.23 16:54:02;185.39;;;185.43;;;185.39;;;185.43;;;185.4157473;185.37016388;185.51988686
2015.10.23 16:54:02;185.42;;;185.43;;;185.41;;;185.43;;;185.4204982;185.37212572;185.51899247
2015.10.23 16:54:02;185.44;;;185.46;;;185.43;;;185.43;;;185.42366547;185.37402324;185.51810697
2015.10.23 16:54:02;185.42;;;185.44;;;185.4;;;185.4;;;185.41577698;185.37487494;185.51693178
2015.10.23 16:54:02;185.39;;;185.43;;;185.38;;;185.42;;;185.41718465;185.37635445;185.51596728
2015.10.23 16:54:02;185.43;;;185.51;;;185.41;;;185.46;;;185.43145643;185.37909692;185.51541039
2015.10.23 16:54:02;185.45;;;185.47;;;185.44;;;185.45;;;185.43763762;185.38142162;185.51475954
2015.10.23 16:54:02;185.44;;;185.47;;;185.44;;;185.47;;;185.44842508;185.38432582;185.51431418
2015.10.23 16:54:02;185.46;;;185.48;;;185.46;;;185.47;;;185.45561672;185.38713481;185.51387324
2015.10.23 16:54:02;185.48;;;185.51;;;185.47;;;185.47;;;185.46041115;185.38985171;185.51343669
2015.10.23 16:54:02;185.48;;;185.52;;;185.45;;;185.51;;;185.47694077;185.39379099;185.51340249
2015.10.23 16:54:02;185.5;;;185.5;;;185.47;;;185.49;;;185.48129384;185.39694539;185.51316963
2015.10.23 16:54:02;185.5;;;185.52;;;185.48;;;185.51;;;185.49086256;185.4006521;185.51313809
2015.10.23 16:54:02;185.5;;;185.52;;;185.5;;;185.5;;;185.49390837;185.4039094;185.51300737
2015.10.23 16:54:02;185.49;;;185.52;;;185.48;;;185.49;;;185.49260558;185.40673205;185.51277844
2015.10.23 16:54:02;185.5;;;185.56;;;185.5;;;185.56;;;185.51507039;185.41175723;185.5132483
2015.10.23 16:54:02;185.55;;;185.58;;;185.51;;;185.52;;;185.51671359;185.41530617;185.51331548
2015.10.23 16:54:02;185.53;;;185.54;;;185.51;;;185.54;;;185.52447573;185.41939449;185.513581
2015.10.23 16:54:02;185.53;;;185.53;;;185.5;;;185.52;;;185.52298382;185.42269303;185.51364487
2015.10.23 16:54:02;185.53;;;185.54;;;185.47;;;185.48;;;185.50865588;185.42457195;185.5133101
2015.10.23 16:54:02;185.47;;;185.49;;;185.47;;;185.49;;;185.50243725;185.42671713;185.51307816
2015.10.23 16:54:02;185.48;;;185.49;;;185.44;;;185.47;;;185.49162484;185.42813624;185.51264952
2015.10.23 16:54:02;185.48;;;185.49;;;185.47;;;185.49;;;185.49108322;185.43016456;185.51242415
2015.10.23 16:54:02;185.48;;;185.48;;;185.43;;;185.45;;;185.47738882;185.4308149;185.51180301
2015.10.23 16:54:02;185.46;;;185.49;;;185.46;;;185.48;;;185.47825921;185.43242753;185.51148657
2015.10.23 16:54:02;185.47;;;185.47;;;185.41;;;185.43;;;185.46217281;185.43234794;185.51067575
2015.10.23 16:54:02;185.44;;;185.45;;;185.44;;;185.45;;;185.4581152;185.4329267;185.51007202
2015.10.23 16:54:02;185.44;;;185.47;;;185.44;;;185.47;;;185.4620768;185.43414221;185.50967329
2015.10.23 16:54:02;185.48;;;185.49;;;185.47;;;185.47;;;185.46471787;185.43531788;185.50927853
2015.10.23 16:54:02;185.46;;;185.47;;;185.45;;;185.47;;;185.46647858;185.436455;185.5088877
2015.10.23 16:54:02;185.46;;;185.49;;;185.46;;;185.49;;;185.47431905;185.43821057;185.50869976
2015.10.23 16:54:02;185.5;;;185.51;;;185.48;;;185.48;;;185.4762127;185.43958072;185.50841419
2015.10.23 16:54:02;185.49;;;185.5;;;185.49;;;185.49;;;185.48080847;185.44123381;185.50823097
2015.10.23 16:54:02;185.5;;;185.52;;;185.5;;;185.52;;;185.49387231;185.44381631;185.50834807
2015.10.23 16:54:02;185.51;;;185.52;;;185.5;;;185.51;;;185.49924821;185.44598626;185.50836451
2015.10.23 16:54:02;185.5;;;185.52;;;185.48;;;185.49;;;185.49616547;185.44742934;185.50818178
2015.10.23 16:54:02;185.48;;;185.51;;;185.48;;;185.49;;;185.49411031;185.4488251;185.50800086
2015.10.23 16:54:02;185.48;;;185.48;;;185.46;;;185.47;;;185.48607354;185.44951935;185.50762275
2015.10.23 16:54:02;185.48;;;185.48;;;185.47;;;185.48;;;185.48404903;185.45051872;185.50734789
2015.10.23 16:54:02;185.49;;;185.5;;;185.48;;;185.48;;;185.48269935;185.45148532;185.50707577
2015.10.23 16:54:02;185.47;;;185.49;;;185.45;;;185.47;;;185.47846623;185.45209236;185.50670686
2015.10.23 16:54:02;185.48;;;185.49;;;185.47;;;185.48;;;185.47897749;185.45300736;185.50644112
2015.10.23 16:54:02;185.49;;;185.5;;;185.47;;;185.5;;;185.48598499;185.45454811;185.50637703
2015.10.23 16:54:02;185.49;;;185.51;;;185.49;;;185.5;;;185.49065666;185.45603833;185.50631358
2015.10.23 16:54:02;185.49;;;185.52;;;185.47;;;185.51;;;185.49710444;185.45780757;185.50635026
2015.10.23 16:54:02;185.52;;;185.54;;;185.51;;;185.52;;;185.50473629;185.45984666;185.50648608
2015.10.23 16:54:02;185.51;;;185.52;;;185.47;;;185.49;;;185.4998242;185.4608353;185.50632204
2015.10.23 16:54:02;185.48;;;185.51;;;185.48;;;185.49;;;185.49654946;185.46179152;185.50615963
2015.10.23 16:54:02;185.5;;;185.52;;;185.48;;;185.48;;;185.49103298;185.46238852;185.50589933
2015.10.23 16:54:02;185.47;;;185.49;;;185.45;;;185.49;;;185.49068865;185.46329381;185.50574113
2015.10.23 16:54:02;185.5;;;185.51;;;185.48;;;185.5;;;185.49379243;185.46449729;185.505684
2015.10.23 16:54:02;185.51;;;185.51;;;185.5;;;185.51;;;185.49919496;185.46598918;185.50572695
2015.10.23 16:54:02;185.52;;;185.52;;;185.5;;;185.51;;;185.50279664;185.46743216;185.50576947
2015.10.23 16:54:02;185.5;;;185.54;;;185.5;;;185.53;;;185.51186442;185.46948357;185.50601057
2015.10.23 16:54:02;185.52;;;185.54;;;185.51;;;185.52;;;185.51457628;185.47113984;185.50614977
2015.10.23 16:54:02;185.51;;;185.54;;;185.51;;;185.54;;;185.52305086;185.47339755;185.50648658
2015.10.23 16:54:02;185.55;;;185.55;;;185.46;;;185.46;;;185.5020339;185.47295829;185.50602403
2015.10.23 16:54:02;185.47;;;185.49;;;185.44;;;185.46;;;185.4880226;185.47253343;185.50556608
2015.10.23 16:54:02;185.47;;;185.48;;;185.44;;;185.44;;;185.47201507;185.47146676;185.50491368
2015.10.23 16:54:02;185.43;;;185.44;;;185.42;;;185.42;;;185.45467671;185.46977932;185.50406877
2015.10.23 16:54:02;185.43;;;185.43;;;185.38;;;185.4;;;185.43645114;185.46749148;185.50303326
2015.10.23 16:54:02;185.39;;;185.42;;;185.37;;;185.41;;;185.42763409;185.46560651;185.50210755
2015.10.23 16:54:02;185.42;;;185.44;;;185.42;;;185.43;;;185.42842273;185.46443908;185.50139007
2015.10.23 16:54:02;185.42;;;185.44;;;185.41;;;185.44;;;185.43228182;185.4636378;185.50077922
2015.10.23 16:54:02;185.45;;;185.46;;;185.45;;;185.46;;;185.44152121;185.46351853;185.50037346
2015.10.23 16:54:02;185.47;;;185.47;;;185.45;;;185.47;;;185.45101414;185.46373104;185.50007123
2015.10.23 16:54:02;185.46;;;185.48;;;185.46;;;185.48;;;185.46067609;185.46426445;185.49987152
2015.10.23 16:54:02;185.49;;;185.55;;;185.48;;;185.51;;;185.4771174;185.46576397;185.4999723
2015.10.23 16:54:02;185.5;;;185.51;;;185.43;;;185.43;;;185.4614116;185.46459138;185.49927606
2015.10.23 16:54:02;185.44;;;185.45;;;185.42;;;185.44;;;185.4542744;185.46378511;185.49868625
2015.10.23 16:54:02;185.43;;;185.43;;;185.42;;;185.43;;;185.44618293;185.4626774;185.4980028
2015.10.23 16:54:02;185.42;;;185.42;;;185.33;;;185.42;;;185.43745529;185.46127814;185.49722665
2015.10.23 16:54:02;185.41;;;185.42;;;185.4;;;185.41;;;185.42830353;185.45959689;185.49635873
2015.10.23 16:54:02;185.4;;;185.42;;;185.38;;;185.4;;;185.41886902;185.45764289;185.49539993
2015.10.23 16:54:02;185.39;;;185.4;;;185.39;;;185.39;;;185.40924601;185.45542509;185.49435118
2015.10.23 16:54:02;185.38;;;185.39;;;185.36;;;185.36;;;185.39283067;185.4522964;185.49301435
2015.10.23 16:54:02;185.35;;;185.39;;;185.35;;;185.39;;;185.39188712;185.4502539;185.49198933
2015.10.23 16:54:02;185.4;;;185.43;;;185.4;;;185.42;;;185.40125808;185.44926197;185.49127302
2015.10.23 16:54:02;185.43;;;185.43;;;185.4;;;185.41;;;185.40417205;185.44797469;185.49046433
2015.10.23 16:54:02;185.42;;;185.42;;;185.41;;;185.41;;;185.4061147;185.44672962;185.48966369
2015.10.23 16:54:02;185.42;;;185.42;;;185.37;;;185.37;;;185.39407647;185.44421389;185.48847301
2015.10.23 16:54:02;185.36;;;185.44;;;185.36;;;185.4;;;185.39605098;185.44276426;185.48759268
2015.10.23 16:54:02;185.39;;;185.4;;;185.38;;;185.38;;;185.39070065;185.44070641;185.48652211
2015.10.23 16:54:02;185.39;;;185.4;;;185.38;;;185.4;;;185.39380043;185.43937177;185.48566119
2015.10.23 16:54:02;185.39;;;185.42;;;185.38;;;185.38;;;185.38920029;185.43742516;185.48460984
2015.10.23 16:54:02;185.39;;;185.4;;;185.38;;;185.39;;;185.38946686;185.43587024;185.48366845
2015.10.23 16:54:02;185.4;;;185.4;;;185.35;;;185.35;;;185.37631124;185.43305482;185.48233841
2015.10.23 16:54:02;185.34;;;185.41;;;185.34;;;185.39;;;185.38087416;185.43164318;185.48141962
2015.10.23 16:54:02;185.38;;;185.38;;;185.37;;;185.38;;;185.38058277;185.42994997;185.48041047
2015.10.23 16:54:02;185.37;;;185.39;;;185.37;;;185.39;;;185.38372185;185.42864013;185.47951086
2015.10.23 16:54:02;185.4;;;185.46;;;185.39;;;185.43;;;185.3991479;185.42868472;185.47901822
2015.10.23 16:54:02;185.42;;;185.42;;;185.38;;;185.4;;;185.39943193;185.42774423;185.47823197
2015.10.23 16:54:02;185.41;;;185.41;;;185.39;;;185.39;;;185.39628796;185.42650672;185.47735404
2015.10.23 16:54:02;185.4;;;185.42;;;185.38;;;185.42;;;185.40419197;185.42629338;185.47678335
2015.10.23 16:54:02;185.41;;;185.42;;;185.41;;;185.42;;;185.40946131;185.42608704;185.47621834
2015.10.23 16:54:02;185.41;;;185.41;;;185.35;;;185.36;;;185.39297421;185.42392025;185.47506194
2015.10.23 16:54:02;185.35;;;185.35;;;185.31;;;185.32;;;185.36864947;185.42051303;185.47351904
2015.10.23 16:54:02;185.31;;;185.33;;;185.28;;;185.33;;;185.35576632;185.41754539;185.47209099
2015.10.23 16:54:02;185.34;;;185.37;;;185.34;;;185.36;;;185.35717754;185.41565866;185.47097565
2015.10.23 16:54:02;185.37;;;185.37;;;185.34;;;185.35;;;185.35478503;185.41350592;185.46977191
2015.10.23 16:54:02;185.36;;;185.36;;;185.33;;;185.35;;;185.35319002;185.41142375;185.46858015
2015.10.23 16:54:02;185.36;;;185.37;;;185.31;;;185.33;;;185.34546001;185.40875412;185.46720125
2015.10.23 16:54:02;185.32;;;185.38;;;185.31;;;185.35;;;185.34697334;185.40682776;185.46603507
2015.10.23 16:54:02;185.36;;;185.37;;;185.35;;;185.37;;;185.35464889;185.40562029;185.46507949
2015.10.23 16:54:02;185.36;;;185.38;;;185.36;;;185.36;;;185.3564326;185.40412454;185.46403393
2015.10.23 16:54:02;185.37;;;185.37;;;185.35;;;185.35;;;185.3542884;185.40234997;185.46289926
2015.10.23 16:54:02;185.34;;;185.37;;;185.34;;;185.36;;;185.35619227;185.40096144;185.46187539
2015.10.23 16:54:02;185.37;;;185.37;;;185.34;;;185.36;;;185.35746151;185.39961845;185.4608617
2015.10.23 16:54:02;185.35;;;185.38;;;185.35;;;185.37;;;185.36164101;185.39864735;185.4599576
2015.10.23 16:54:02;185.38;;;185.38;;;185.35;;;185.36;;;185.361094;185.39738022;185.458963
2015.10.23 16:54:02;185.37;;;185.4;;;185.36;;;185.39;;;185.37072934;185.39713825;185.4582768
2015.10.23 16:54:02;185.4;;;185.4;;;185.31;;;185.38;;;185.37381956;185.39657634;185.45749793
2015.10.23 16:54:02;185.37;;;185.41;;;185.37;;;185.41;;;185.38587971;185.39701646;185.45702531
2015.10.23 16:54:02;185.4;;;185.45;;;185.4;;;185.43;;;185.40058647;185.39809789;185.4567564
2015.10.23 16:54:02;185.42;;;185.44;;;185.41;;;185.42;;;185.40705765;185.39881599;185.45639067
2015.10.23 16:54:02;185.41;;;185.42;;;185.38;;;185.4;;;185.4047051;185.39885481;185.45582957
2015.10.23 16:54:02;185.41;;;185.41;;;185.34;;;185.35;;;185.38647007;185.39725301;185.45477654
2015.10.23 16:54:02;185.34;;;185.39;;;185.33;;;185.38;;;185.38431338;185.39668734;185.45403249
2015.10.23 16:54:02;185.39;;;185.39;;;185.31;;;185.34;;;185.36954225;185.39482874;185.45289784
2015.10.23 16:54:02;185.33;;;185.36;;;185.32;;;185.34;;;185.35969483;185.39303107;185.45177448
2015.10.23 16:54:02;185.35;;;185.37;;;185.34;;;185.36;;;185.35979656;185.39194809;185.4508613
2015.10.23 16:54:02;185.37;;;185.37;;;185.36;;;185.37;;;185.3631977;185.39122848;185.45005671
2015.10.23 16:54:02;185.38;;;185.41;;;185.37;;;185.39;;;185.3721318;185.3911882;185.44945913
2015.10.23 16:54:02;185.38;;;185.39;;;185.37;;;185.37;;;185.3714212;185.39049351;185.44866849
2015.10.23 16:54:02;185.38;;;185.43;;;185.38;;;185.4;;;185.38094747;185.39080519;185.44818423
2015.10.23 16:54:02;185.41;;;185.42;;;185.38;;;185.39;;;185.38396498;185.39077879;185.44760528
2015.10.23 16:54:02;185.4;;;185.4;;;185.36;;;185.36;;;185.37597665;185.38976965;185.44673359
2015.10.23 16:54:02;185.37;;;185.4;;;185.36;;;185.4;;;185.38398443;185.39010507;185.44626858
2015.10.23 16:54:02;185.39;;;185.41;;;185.37;;;185.37;;;185.37932296;185.38944589;185.44550968
2015.10.23 16:54:02;185.38;;;185.4;;;185.37;;;185.4;;;185.3862153;185.38979193;185.44505685
2015.10.23 16:54:02;185.41;;;185.43;;;185.4;;;185.4;;;185.3908102;185.39012662;185.44460853
2015.10.23 16:54:02;185.41;;;185.43;;;185.39;;;185.43;;;185.40387347;185.39143394;185.44446317
2015.10.23 16:54:02;185.44;;;185.62;;;185.42;;;185.61;;;185.47258231;185.39860004;185.4461103
2015.10.23 16:54:02;185.62;;;185.62;;;185.51;;;185.54;;;185.49505487;185.40323611;185.44704453
2015.10.23 16:54:02;185.55;;;185.63;;;185.52;;;185.63;;;185.54003658;185.41067099;185.44886498
2015.10.23 16:54:02;185.64;;;185.69;;;185.58;;;185.6;;;185.56002439;185.4168785;185.45036881
2015.10.23 16:54:02;185.59;;;185.64;;;185.57;;;185.62;;;185.58001626;185.42353822;185.45205668
2015.10.23 16:54:02;185.61;;;185.65;;;185.58;;;185.58;;;185.58001084;185.42866811;185.45332975
2015.10.23 16:54:02;185.59;;;185.68;;;185.59;;;185.67;;;185.61000723;185.43658063;185.45548567
2015.10.23 16:54:02;185.66;;;185.68;;;185.63;;;185.66;;;185.62667148;185.44390586;185.45752064
2015.10.23 16:54:02;185.67;;;185.75;;;185.62;;;185.75;;;185.66778099;185.45394173;185.46043088
2015.10.23 16:54:02;185.76;;;185.82;;;185.74;;;185.8;;;185.71185399;185.46528791;185.46380968
2015.10.23 16:54:02;185.79;;;185.86;;;185.79;;;185.85;;;185.75790266;185.47790142;185.46765237
2015.10.23 16:54:02;185.84;;;185.93;;;185.83;;;185.92;;;185.81193511;185.49239645;185.47215334
2015.10.23 16:54:02;185.93;;;185.96;;;185.92;;;185.93;;;185.85129007;185.50674411;185.47670903
2015.10.23 16:54:02;185.94;;;185.94;;;185.89;;;185.91;;;185.87086005;185.51996561;185.48102038
2015.10.23 16:54:02;185.9;;;185.93;;;185.89;;;185.89;;;185.87724003;185.53209789;185.48508983
2015.10.23 16:54:02;185.88;;;185.91;;;185.8;;;185.82;;;185.85816002;185.5415373;185.48842227
2015.10.23 16:54:02;185.83;;;185.95;;;185.83;;;185.89;;;185.86877335;185.55296231;185.49241807
2015.10.23 16:54:02;185.9;;;185.94;;;185.86;;;185.9;;;185.87918223;185.56434059;185.49647361
2015.10.23 16:54:02;185.89;;;185.91;;;185.87;;;185.89;;;185.88278815;185.57501795;185.5003893
2015.10.23 16:54:02;185.9;;;185.95;;;185.9;;;185.93;;;185.89852544;185.58665671;185.50466403
2015.10.23 16:54:02;185.94;;;186.02;;;185.94;;;185.98;;;185.92568362;185.59955321;185.50939374
2015.10.23 16:54:02;185.99;;;186.09;;;185.99;;;186.03;;;185.96045575;185.61366622;185.5145739
2015.10.23 16:54:02;186.04;;;186.12;;;186.04;;;186.1;;;186.0069705;185.62961159;185.52039904
2015.10.23 16:54:02;186.13;;;186.16;;;186.1;;;186.12;;;186.044647;185.6456899;185.52636522
2015.10.23 16:54:02;186.13;;;186.14;;;186.08;;;186.11;;;186.06643133;185.66091318;185.53217253
2015.10.23 16:54:02;186.1;;;186.12;;;186.09;;;186.1;;;186.07762089;185.67530947;185.53782255
2015.10.23 16:54:02;186.11;;;186.13;;;186.08;;;186.09;;;186.08174726;185.68890588;185.54331686
2015.10.23 16:54:02;186.1;;;186.15;;;186.08;;;186.14;;;186.10116484;185.70369585;185.549254
2015.10.23 16:54:02;186.15;;;186.17;;;186.09;;;186.11;;;186.10410989;185.7170173;185.55483356
2015.10.23 16:54:02;186.1;;;186.13;;;186.09;;;186.1;;;186.10273993;185.72957411;185.5602581
2015.10.23 16:54:02;186.11;;;186.11;;;186.05;;;186.06;;;186.08849329;185.74040774;185.56523066
2015.10.23 16:54:02;186.07;;;186.07;;;186.01;;;186.01;;;186.06232886;185.74924683;185.56965623
2015.10.23 16:54:02;186;;;186.02;;;185.99;;;185.99;;;186.03821924;185.75714038;185.57383875
2015.10.23 16:54:02;186;;;186.04;;;185.99;;;186.02;;;186.03214616;185.76575873;185.57827817
2015.10.23 16:54:02;186.01;;;186.02;;;186;;;186.01;;;186.02476411;185.77376664;185.58257391
2015.10.23 16:54:02;186.02;;;186.03;;;185.98;;;185.98;;;186.00984274;185.78052839;185.5865284
2015.10.23 16:54:02;185.99;;;186;;;185.98;;;185.98;;;185.99989516;185.78706844;185.59044354
2015.10.23 16:54:02;185.97;;;186.03;;;185.97;;;186.01;;;186.00326344;185.79437767;185.59461823
2015.10.23 16:54:02;186.02;;;186.06;;;186.01;;;186.05;;;186.01884229;185.80275873;185.59914939
2015.10.23 16:54:02;186.06;;;186.06;;;186.03;;;186.03;;;186.02256153;185.81020927;185.60343646
2015.10.23 16:54:02;186.04;;;186.04;;;186;;;186.01;;;186.01837435;185.81675978;185.60748187
2015.10.23 16:54:02;186.02;;;186.03;;;186.01;;;186.03;;;186.02224957;185.82375126;185.61168603
2015.10.23 16:54:02;186.02;;;186.03;;;186;;;186.02;;;186.02149971;185.83018565;185.61574885
2015.10.23 16:54:02;186.01;;;186.05;;;186;;;186.04;;;186.02766647;185.83706481;185.61997026
2015.10.23 16:54:02;186.05;;;186.06;;;186;;;186.01;;;186.02177765;185.84273481;185.62385115
2015.10.23 16:54:02;186.02;;;186.05;;;186.02;;;186.03;;;186.02451843;185.84887466;185.62789243
2015.10.23 16:54:02;186.02;;;186.03;;;185.98;;;186;;;186.01634562;185.85382959;185.631595
2015.10.23 16:54:02;186.02;;;186.03;;;185.98;;;185.98;;;186.00423041;185.85796632;185.63506171
2015.10.23 16:54:02;185.97;;;186.02;;;185.96;;;185.99;;;185.99948694;185.86229529;185.63859344
2015.10.23 16:54:02;185.98;;;186.01;;;185.95;;;186;;;185.99965796;185.8668102;185.64218952
2015.10.23 16:54:02;185.99;;;186.01;;;185.99;;;185.99;;;185.99643864;185.87084921;185.64565032
2015.10.23 16:54:02;186;;;186;;;185.97;;;185.97;;;185.98762576;185.87410006;185.64887768
2015.10.23 16:54:02;185.96;;;185.96;;;185.95;;;185.96;;;185.97841717;185.87691645;185.65197343
2015.10.23 16:54:02;185.95;;;185.98;;;185.95;;;185.97;;;185.97561145;185.87996837;185.65513787
2015.10.23 16:54:02;185.98;;;185.98;;;185.95;;;185.96;;;185.97040763;185.88259236;185.65817132
2015.10.23 16:54:02;185.97;;;186;;;185.96;;;185.97;;;185.97027176;185.88545818;185.6612741
2015.10.23 16:54:02;185.98;;;185.99;;;185.93;;;185.94;;;185.96018117;185.88724644;185.66404749
2015.10.23 16:54:02;185.93;;;185.96;;;185.93;;;185.93;;;185.95012078;185.88864819;185.66669378
2015.10.23 16:54:02;185.92;;;185.93;;;185.89;;;185.89;;;185.93008052;185.88869252;185.66891574
2015.10.23 16:54:02;185.9;;;185.93;;;185.89;;;185.92;;;185.92672035;185.88971899;185.67141409
2015.10.23 16:54:02;185.91;;;185.93;;;185.89;;;185.89;;;185.91448023;185.8897282;185.67358907
2015.10.23 16:54:02;185.9;;;185.93;;;185.89;;;185.91;;;185.91298682;185.89039285;185.67594142
2015.10.23 16:54:02;185.9;;;185.92;;;185.88;;;185.9;;;185.90865788;185.89070784;185.67817086
2015.10.23 16:54:02;185.91;;;185.91;;;185.83;;;185.86;;;185.89243859;185.88970103;185.6799801
2015.10.23 16:54:02;185.85;;;185.88;;;185.84;;;185.87;;;185.88495906;185.88905509;185.68187085
2015.10.23 16:54:02;185.88;;;185.94;;;185.85;;;185.93;;;185.89997271;185.89039755;185.68433979
2015.10.23 16:54:02;185.92;;;185.95;;;185.9;;;185.93;;;185.9099818;185.89169599;185.68678417
2015.10.23 16:54:02;185.94;;;185.95;;;185.93;;;185.94;;;185.91998787;185.89327973;185.68930374
2015.10.23 16:54:02;185.95;;;185.97;;;185.89;;;185.9;;;185.91332525;185.89350006;185.69140022
2015.10.23 16:54:02;185.91;;;185.93;;;185.88;;;185.88;;;185.90221683;185.89305744;185.69327683
2015.10.23 16:54:02;185.89;;;185.93;;;185.88;;;185.91;;;185.90481122;185.89361293;185.69543328
2015.10.23 16:54:02;185.92;;;185.94;;;185.92;;;185.93;;;185.91320748;185.89480595;185.69776728
2015.10.23 16:54:02;185.92;;;185.95;;;185.9;;;185.91;;;185.91213832;185.89530412;185.69987905
2015.10.23 16:54:02;185.9;;;185.93;;;185.9;;;185.92;;;185.91475888;185.89611382;185.7020693
2015.10.23 16:54:02;185.91;;;185.94;;;185.9;;;185.9;;;185.90983925;185.89624123;185.70403876
2015.10.23 16:54:02;185.89;;;185.96;;;185.89;;;185.92;;;185.91322617;185.89702021;185.70618763
2015.10.23 16:54:02;185.91;;;185.93;;;185.89;;;185.91;;;185.91215078;185.89744578;185.70821561
2015.10.23 16:54:02;185.9;;;185.94;;;185.89;;;185.94;;;185.92143385;185.898841;185.71052193
2015.10.23 16:54:02;185.93;;;185.93;;;185.86;;;185.88;;;185.90762257;185.89822326;185.71220828
2015.10.23 16:54:02;185.89;;;185.96;;;185.89;;;185.94;;;185.91841505;185.89959299;185.71447486
2015.10.23 16:54:02;185.93;;;185.95;;;185.93;;;185.95;;;185.92894336;185.90124568;185.71681839
2015.10.23 16:54:02;185.94;;;186;;;185.93;;;185.99;;;185.94929558;185.90415565;185.71953662
2015.10.23 16:54:02;186;;;186.05;;;185.98;;;186.05;;;185.98286372;185.90893744;185.72282481
2015.10.23 16:54:02;186.04;;;186.05;;;185.97;;;186;;;185.98857581;185.91192309;185.72558277
2015.10.23 16:54:02;186.01;;;186.08;;;186;;;186.06;;;186.01238387;185.91677808;185.72891031
2015.10.23 16:54:02;186.08;;;186.08;;;186.01;;;186.02;;;186.01492258;185.9201624;185.73180672
2015.10.23 16:54:02;186.01;;;186.06;;;185.98;;;185.99;;;186.00661506;185.92245216;185.73437581
2015.10.23 16:54:02;185.98;;;186.03;;;185.96;;;185.97;;;185.99441004;185.9240111;185.73672033
2015.10.23 16:54:02;185.96;;;185.99;;;185.94;;;185.95;;;185.97960669;185.9248632;185.73884252
2015.10.23 16:54:02;185.96;;;185.96;;;185.92;;;185.93;;;185.96307113;185.92503162;185.74074458
2015.10.23 16:54:02;185.92;;;185.95;;;185.91;;;185.92;;;185.94871408;185.92486665;185.74252822
2015.10.23 16:54:02;185.91;;;185.97;;;185.9;;;185.97;;;185.95580939;185.92634643;185.74479162
2015.10.23 16:54:02;185.98;;;186;;;185.97;;;185.99;;;185.96720626;185.92843343;185.7472315
2015.10.23 16:54:02;186;;;186;;;185.97;;;185.97;;;185.96813751;185.92979627;185.7494481
2015.10.23 16:54:02;185.98;;;185.99;;;185.96;;;185.96;;;185.965425;185.93078656;185.75154315
2015.10.23 16:54:02;185.97;;;186.02;;;185.97;;;186.02;;;185.98361667;185.93371159;185.75421436
2015.10.23 16:54:02;186.03;;;186.04;;;185.99;;;186.02;;;185.99574445;185.93654072;185.75685899
2015.10.23 16:54:02;186.01;;;186.07;;;186;;;186.07;;;186.0204963;185.94091643;185.75997482
2015.10.23 16:54:02;186.06;;;186.1;;;186.04;;;186.07;;;186.03699753;185.94514868;185.76305965
2015.10.23 16:54:02;186.08;;;186.08;;;186.02;;;186.07;;;186.04799835;185.94924216;185.76611378
2015.10.23 16:54:02;186.08;;;186.08;;;186.02;;;186.04;;;186.04533224;185.95221783;185.76883902
2015.10.23 16:54:02;186.03;;;186.06;;;186.03;;;186.06;;;186.05022149;185.95575167;185.77173614
2015.10.23 16:54:02;186.05;;;186.28;;;186.05;;;186.11;;;186.07014766;185.96080899;185.77510195
2015.10.23 16:54:02;186.12;;;186.16;;;186.05;;;186.08;;;186.07343177;185.9647169;185.77813577
2015.10.23 16:54:02;186.07;;;186.08;;;186.02;;;186.04;;;186.06228785;185.96718519;185.78074138
2015.10.23 16:54:02;186.05;;;186.05;;;185.94;;;185.97;;;186.03152523;185.96727748;185.78262455
2015.10.23 16:54:02;185.96;;;185.97;;;185.89;;;185.95;;;186.00435016;185.96671101;185.78428998
2015.10.23 16:54:02;185.94;;;185.97;;;185.93;;;185.96;;;185.98956677;185.96649098;185.78603834
2015.10.23 16:54:02;185.97;;;186.05;;;185.96;;;186.01;;;185.99637785;185.9679175;185.78826681
2015.10.23 16:54:02;186.02;;;186.05;;;185.91;;;185.91;;;185.96758523;185.96601857;185.78947809
2015.10.23 16:54:02;185.92;;;185.95;;;185.9;;;185.9;;;185.94505682;185.96385402;185.79057781
2015.10.23 16:54:02;185.89;;;185.9;;;185.84;;;185.84;;;185.91003788;185.95979324;185.79106957
2015.10.23 16:54:02;185.85;;;185.93;;;185.83;;;185.88;;;185.90002525;185.95717706;185.79195445
2015.10.23 16:54:02;185.87;;;185.87;;;185.81;;;185.83;;;185.8766835;185.95300732;185.79233301
2015.10.23 16:54:02;185.84;;;185.84;;;185.77;;;185.81;;;185.85445567;185.94831856;185.7925088
2015.10.23 16:54:02;185.8;;;185.8;;;185.73;;;185.73;;;185.81297045;185.94116057;185.79188682
2015.10.23 16:54:02;185.72;;;185.77;;;185.71;;;185.77;;;185.79864696;185.93554875;185.79166905
2015.10.23 16:54:02;185.76;;;185.8;;;185.74;;;185.8;;;185.79909798;185.93110453;185.79175194
2015.10.23 16:54:02;185.79;;;185.89;;;185.79;;;185.85;;;185.81606532;185.92844537;185.79233152
2015.10.23 16:54:02;185.84;;;185.84;;;185.81;;;185.83;;;185.82071021;185.92521765;185.79270633
2015.10.23 16:54:02;185.82;;;185.85;;;185.82;;;185.84;;;185.82714014;185.92242363;185.79317692
2015.10.23 16:54:02;185.83;;;185.83;;;185.77;;;185.81;;;185.82142676;185.91873761;185.79334431
2015.10.23 16:54:02;185.79;;;185.79;;;185.72;;;185.72;;;185.78761784;185.91222162;185.79261452
2015.10.23 16:54:02;185.71;;;185.75;;;185.7;;;185.74;;;185.77174523;185.90657501;185.79209099
2015.10.23 16:54:02;185.73;;;185.73;;;185.65;;;185.71;;;185.75116348;185.90012993;185.79127416
2015.10.23 16:54:02;185.72;;;185.73;;;185.69;;;185.71;;;185.73744232;185.89389616;185.79046547
2015.10.23 16:54:02;185.72;;;185.72;;;185.68;;;185.69;;;185.72162822;185.88721104;185.78946581
2015.10.23 16:54:02;185.68;;;185.78;;;185.68;;;185.77;;;185.73775214;185.88336805;185.78927212
2015.10.23 16:54:02;185.76;;;185.76;;;185.74;;;185.75;;;185.74183476;185.87899533;185.78888135
2015.10.23 16:54:02;185.74;;;185.76;;;185.72;;;185.73;;;185.73788984;185.87411024;185.78829547
2015.10.23 16:54:02;185.72;;;185.77;;;185.72;;;185.73;;;185.73525989;185.86938531;185.78771541
2015.10.23 16:54:02;185.74;;;185.74;;;185.71;;;185.72;;;185.73017326;185.86448743;185.78704163
2015.10.23 16:54:02;185.71;;;185.75;;;185.71;;;185.75;;;185.73678218;185.86073375;185.78667306
2015.10.23 16:54:02;185.74;;;185.76;;;185.72;;;185.73;;;185.73452145;185.85644739;185.78610914
2015.10.23 16:54:02;185.74;;;185.78;;;185.73;;;185.75;;;185.73968097;185.85295732;185.78574985
2015.10.23 16:54:02;185.76;;;185.78;;;185.68;;;185.69;;;185.72312064;185.84761445;185.78479711
2015.10.23 16:54:02;185.7;;;185.71;;;185.65;;;185.67;;;185.70541376;185.84179103;185.78365485
2015.10.23 16:54:02;185.68;;;185.7;;;185.66;;;185.69;;;185.70027584;185.83681427;185.78272297
2015.10.23 16:54:02;185.68;;;185.7;;;185.65;;;185.67;;;185.69018389;185.83134495;185.78160134
2015.10.23 16:54:02;185.68;;;185.74;;;185.67;;;185.73;;;185.70345593;185.82802217;185.7810879
2015.10.23 16:54:02;185.72;;;185.72;;;185.61;;;185.62;;;185.67563729;185.82120177;185.77948503
2015.10.23 16:54:02;185.61;;;185.62;;;185.54;;;185.62;;;185.65709152;185.81460499;185.77789812
2015.10.23 16:54:02;185.63;;;185.68;;;185.62;;;185.63;;;185.64806102;185.80855237;185.77642649
2015.10.23 16:54:02;185.64;;;185.7;;;185.63;;;185.69;;;185.66204068;185.8046654;185.77556653
2015.10.23 16:54:02;185.7;;;185.72;;;185.67;;;185.7;;;185.67469378;185.80123375;185.77481462
2015.10.23 16:54:02;185.69;;;185.69;;;185.62;;;185.62;;;185.65646252;185.79529166;185.77327418
2015.10.23 16:54:02;185.61;;;185.64;;;185.6;;;185.63;;;185.64764168;185.78987226;185.77184857
2015.10.23 16:54:02;185.64;;;185.69;;;185.62;;;185.69;;;185.66176112;185.78659776;185.77103415
2015.10.23 16:54:02;185.68;;;185.68;;;185.64;;;185.64;;;185.65450741;185.78179128;185.76973033
2015.10.23 16:54:02;185.65;;;185.65;;;185.61;;;185.63;;;185.64633828;185.77681451;185.76833998
2015.10.23 16:54:02;185.62;;;185.75;;;185.62;;;185.72;;;185.67089218;185.77495174;185.76785898
2015.10.23 16:54:02;185.73;;;185.73;;;185.69;;;185.69;;;185.67726146;185.77216644;185.76708427
2015.10.23 16:54:02;185.7;;;185.73;;;185.68;;;185.7;;;185.68484097;185.76980033;185.76641676
2015.10.23 16:54:02;185.71;;;185.76;;;185.68;;;185.74;;;185.70322731;185.76882327;185.76615391
2015.10.23 16:54:02;185.75;;;185.8;;;185.75;;;185.75;;;185.71881821;185.76820611;185.76599317
2015.10.23 16:54:02;185.76;;;185.8;;;185.75;;;185.78;;;185.73921214;185.7685928;185.76613254
2015.10.23 16:54:02;185.79;;;185.8;;;185.71;;;185.71;;;185.72947476;185.76667172;185.76557401
2015.10.23 16:54:02;185.72;;;185.77;;;185.7;;;185.72;;;185.72631651;185.7651415;185.76512054
2015.10.23 16:54:02;185.71;;;185.74;;;185.69;;;185.73;;;185.72754434;185.76398932;185.76477108
2015.10.23 16:54:02;185.74;;;185.84;;;185.73;;;185.81;;;185.75502956;185.76549787;185.76522112
2015.10.23 16:54:02;185.82;;;185.91;;;185.8;;;185.91;;;185.80668637;185.77023564;185.76666171
2015.10.23 16:54:02;185.9;;;185.93;;;185.89;;;185.92;;;185.84445758;185.77514595;185.76818746
2015.10.23 16:54:02;185.93;;;185.95;;;185.91;;;185.93;;;185.87297172;185.78022313;185.76979754
2015.10.23 16:54:02;185.92;;;185.92;;;185.85;;;185.86;;;185.86864781;185.78283877;185.77069507
2015.10.23 16:54:02;185.85;;;185.92;;;185.85;;;185.89;;;185.87576521;185.78635225;185.77188219
2015.10.23 16:54:02;185.9;;;186;;;185.9;;;185.97;;;185.90717681;185.79237349;185.77385351
2015.10.23 16:54:02;185.96;;;185.97;;;185.92;;;185.94;;;185.91811787;185.7972137;185.77550671
2015.10.23 16:54:02;185.95;;;185.95;;;185.91;;;185.92;;;185.91874525;185.80123948;185.77694445
2015.10.23 16:54:02;185.93;;;185.98;;;185.92;;;185.97;;;185.93583016;185.80677261;185.7788654
2015.10.23 16:54:02;185.98;;;186.06;;;185.97;;;186.05;;;185.97388678;185.81474728;185.78156326
2015.10.23 16:54:02;186.04;;;186.09;;;186.03;;;186.07;;;186.00592452;185.82311622;185.78443328
2015.10.23 16:54:02;186.03;;;186.04;;;186;;;186.01;;;186.00728301;185.82924356;185.78667772
2015.10.23 16:54:02;186.02;;;186.05;;;185.99;;;186;;;186.00485534;185.83484213;185.78880033
2015.10.23 16:54:02;185.99;;;186;;;185.93;;;185.93;;;185.97990356;185.83796206;185.7902053
2015.10.23 16:54:02;185.92;;;185.95;;;185.9;;;185.95;;;185.96993571;185.84163544;185.7917953
2015.10.23 16:54:02;185.96;;;185.98;;;185.95;;;185.95;;;185.96329047;185.84518837;185.79336947
2015.10.23 16:54:02;185.96;;;185.96;;;185.88;;;185.92;;;185.94886031;185.84764121;185.79462948
2015.10.23 16:54:02;185.91;;;185.93;;;185.88;;;185.89;;;185.92924021;185.84903003;185.79557844
2015.10.23 16:54:02;185.88;;;185.88;;;185.83;;;185.83;;;185.89616014;185.84840609;185.79592094
2015.10.23 16:54:02;185.82;;;185.85;;;185.82;;;185.83;;;185.87410676;185.84780261;185.79626004
2015.10.23 16:54:02;185.82;;;185.83;;;185.79;;;185.8;;;185.84940451;185.84623531;185.79629725
2015.10.23 16:54:02;185.81;;;185.83;;;185.78;;;185.79;;;185.829603;185.84439153;185.79623459
2015.10.23 16:54:02;185.78;;;185.81;;;185.78;;;185.79;;;185.816402;185.8426082;185.79617256
2015.10.23 16:54:02;185.78;;;185.78;;;185.65;;;185.66;;;185.764268;185.83662105;185.79481761
2015.10.23 16:54:02;185.65;;;185.67;;;185.64;;;185.66;;;185.729512;185.8308302;185.79347614
2015.10.23 16:54:02;185.65;;;185.66;;;185.57;;;185.63;;;185.69634133;185.8242456;185.79184951
2015.10.23 16:54:02;185.62;;;185.64;;;185.6;;;185.63;;;185.67422756;185.81787689;185.79023907
2015.10.23 16:54:02;185.64;;;185.67;;;185.63;;;185.67;;;185.67281837;185.81302847;185.78904266
2015.10.23 16:54:02;185.68;;;185.72;;;185.68;;;185.69;;;185.67854558;185.80899475;185.78805716
2015.10.23 16:54:02;185.7;;;185.72;;;185.69;;;185.71;;;185.68903039;185.80574902;185.78728047
2015.10.23 16:54:02;185.72;;;185.74;;;185.72;;;185.73;;;185.70268692;185.80326544;185.78671052
2015.10.23 16:54:02;185.74;;;185.75;;;185.71;;;185.71;;;185.70512462;185.80020756;185.78594723
2015.10.23 16:54:02;185.72;;;185.72;;;185.68;;;185.68;;;185.69674974;185.79626633;185.78489303
2015.10.23 16:54:02;185.67;;;185.7;;;185.66;;;185.68;;;185.6911665;185.79245432;185.78384931
2015.10.23 16:54:02;185.67;;;185.68;;;185.59;;;185.59;;;185.65744433;185.78581647;185.78192047
2015.10.23 16:54:02;185.58;;;185.6;;;185.54;;;185.56;;;185.62496289;185.77841265;185.7797123
2015.10.23 16:54:02;185.57;;;185.58;;;185.54;;;185.55;;;185.59997526;185.77092371;185.77742661
2015.10.23 16:54:02;185.56;;;185.6;;;185.54;;;185.58;;;185.59331684;185.76466392;185.77546216
2015.10.23 16:54:02;185.59;;;185.67;;;185.58;;;185.64;;;185.60887789;185.76057658;185.77411428
2015.10.23 16:54:02;185.65;;;185.69;;;185.64;;;185.67;;;185.62925193;185.75760685;185.77307832
2015.10.23 16:54:02;185.68;;;185.71;;;185.67;;;185.7;;;185.65283462;185.7557181;185.77235117
2015.10.23 16:54:02;185.69;;;185.69;;;185.63;;;185.67;;;185.65855641;185.75290768;185.77133275
2015.10.23 16:54:02;185.68;;;185.7;;;185.66;;;185.68;;;185.66570428;185.75051726;185.77042397
2015.10.23 16:54:02;185.69;;;185.71;;;185.68;;;185.71;;;185.68046952;185.74918882;185.76982273
2015.10.23 16:54:02;185.7;;;185.75;;;185.7;;;185.74;;;185.70031301;185.74888755;185.76952599
2015.10.23 16:54:02;185.75;;;185.76;;;185.7;;;185.75;;;185.71687534;185.74892403;185.7693317
2015.10.23 16:54:02;185.76;;;185.88;;;185.75;;;185.87;;;185.76791689;185.75289373;185.77033338
2015.10.23 16:54:02;185.86;;;185.86;;;185.81;;;185.82;;;185.78527793;185.75509394;185.77082757
2015.10.23 16:54:02;185.81;;;185.83;;;185.81;;;185.83;;;185.80018529;185.75754987;185.77141635
2015.10.23 16:54:02;185.84;;;185.85;;;185.82;;;185.82;;;185.80679019;185.75959742;185.77189977
2015.10.23 16:54:02;185.81;;;185.85;;;185.81;;;185.83;;;185.81452679;185.7619057;185.77247788
2015.10.23 16:54:02;185.84;;;185.91;;;185.83;;;185.9;;;185.84301786;185.76643338;185.77374676
2015.10.23 16:54:02;185.91;;;185.91;;;185.82;;;185.82;;;185.83534524;185.76818966;185.77420699
2015.10.23 16:54:02;185.81;;;185.81;;;185.76;;;185.79;;;185.82023016;185.76890476;185.77436414
2015.10.23 16:54:02;185.78;;;185.81;;;185.78;;;185.78;;;185.80682011;185.76926853;185.77442021
2015.10.23 16:54:02;185.79;;;185.79;;;185.71;;;185.71;;;185.77454674;185.7673253;185.77377922
2015.10.23 16:54:02;185.72;;;185.78;;;185.72;;;185.77;;;185.77303116;185.767413;185.77374161
2015.10.23 16:54:02;185.78;;;185.79;;;185.74;;;185.77;;;185.77202077;185.76749782;185.77370438
2015.10.23 16:54:02;185.76;;;185.78;;;185.69;;;185.75;;;185.76468052;185.76692412;185.77346852
2015.10.23 16:54:02;185.74;;;185.74;;;185.74;;;185.74;;;185.75645368;185.76604136;185.7731355
